date,total_cases,new_cases,total_deaths,new_deaths,reproduction_rate,new_tests,total_tests,positive_rate,tests_per_case,total_vaccinations,people_vaccinated,people_fully_vaccinated,new_vaccinations,stringency_index,stay_home_requirements,facial_coverings,school_closures,workplace_closures,cancel_public_events,restriction_gatherings
2020-01-31,2,2,,,,,,,,,,,,8.33,,,,,,
2020-02-01,2,0,,,,,,,,,,,,8.33,,,,,,
2020-02-02,2,0,,,,,,,,,,,,11.11,,,,,,
2020-02-03,8,6,,,,,,,,,,,,11.11,,,,,,
2020-02-04,8,0,,,,,,,,,,,,11.11,,,,,,
2020-02-05,9,1,,,,,,,,,,,,11.11,,,,,,
2020-02-06,9,0,,,,,,,,,,,,11.11,,,,,,
2020-02-07,9,0,,,,,,,,,,,,11.11,,,,,,
2020-02-08,13,4,,,,,,,,,,,,11.11,0,0,0,0,0,0
2020-02-09,14,1,,,,,,,,,,,,11.11,0,0,0,0,0,0
2020-02-10,14,0,,,,,,,,,,,,11.11,0,0,0,0,0,0
2020-02-11,15,1,,,,,,,,,,,,11.11,0,0,0,0,0,0
2020-02-12,16,1,,,,,,,,,,,,11.11,0,0,0,0,0,0
2020-02-13,17,1,,,,,,,,,,,,11.11,0,0,0,0,0,0
2020-02-14,18,1,,,,,,,,,,,,11.11,0,0,0,0,0,0
2020-02-15,18,0,,,,,,,,,,,,11.11,0,0,0,0,0,0
2020-02-16,18,0,,,,,,,,,,,,11.11,0,0,0,0,0,0
2020-02-17,19,1,,,,,,,,,,,,11.11,0,0,0,0,0,0
2020-02-18,19,0,,,,,,,,,,,,11.11,0,0,0,0,0,0
2020-02-19,20,1,,,,,,,,,,,,11.11,0,0,0,0,0,0
2020-02-20,22,2,,,,,,,,,,,,11.11,0,0,0,0,0,0
2020-02-21,23,1,,,,,,,,,,,,11.11,0,0,0,0,0,0
2020-02-22,23,0,,,,,,,,,,,,11.11,0,0,0,0,0,0
2020-02-23,28,5,,,,,,,,,,,,11.11,0,0,0,0,0,0
2020-02-24,30,2,,,,,,,,,,,,11.11,0,0,0,0,0,0
2020-02-25,34,4,,,,,,,,,,,,11.11,0,0,0,0,0,0
2020-02-26,37,3,,,,,,,,,,,,11.11,0,0,0,0,0,0
2020-02-27,44,7,,,,,,,,,,,,11.11,0,0,0,0,0,0
2020-02-28,56,12,,,,,,,,,,,,11.11,0,0,0,0,0,0
2020-02-29,61,5,,,,,,,,,,,,11.11,0,0,0,0,0,0
2020-03-01,94,33,,,,,,,,,,,,11.11,0,0,0,0,0,0
2020-03-02,134,40,,,,,,,,,,,,11.11,0,0,0,0,0,0
2020-03-03,189,55,,,2.22,,,,,,,,,11.11,0,0,0,0,0,0
2020-03-04,245,56,,,2.2,,,,,,,,,11.11,0,0,0,0,0,0
2020-03-05,294,49,,,2.23,,,,,,,,,11.11,0,0,0,0,0,0
2020-03-06,373,79,1,1,2.34,,,,,,,,,11.11,0,0,0,0,0,0
2020-03-07,428,55,2,1,2.44,,,,,,,,,11.11,0,0,0,0,0,0
2020-03-08,482,54,2,0,2.6,,,,,,,,,11.11,0,0,0,0,0,0
2020-03-09,629,147,3,1,2.86,,,,,,,,,11.11,0,0,0,0,0,0
2020-03-10,888,259,7,4,3.08,,,,,,,,,11.11,0,0,0,0,0,0
2020-03-11,1300,412,7,0,3.14,,,,,,,,,11.11,0,0,0,0,0,0
2020-03-12,1789,489,9,2,3.02,,,,,,,,,11.11,0,0,0,0,0,0
2020-03-13,2268,479,10,1,2.79,,,,,,,,,12.96,0,0,0,0,0,0
2020-03-14,2632,364,29,19,2.59,,,,,,,,,12.96,0,0,0,0,0,0
2020-03-15,3075,443,43,14,2.46,,,,,,,,,12.96,0,0,0,0,0,0
2020-03-16,3690,615,65,22,2.34,,,,,,,,,16.67,0,0,0,0,0,0
2020-03-17,4458,768,82,17,2.27,,,,,,,,,22.22,0,0,0,0,0,0
2020-03-18,5457,999,116,34,2.26,,,,,,,,,31.48,0,0,0,0,0,0
2020-03-19,6517,1060,162,46,2.25,,,,,,,,,31.48,0,0,0,0,0,0
2020-03-20,7774,1257,194,32,2.25,,,,,,,,,37.04,0,0,0,0,0,0
2020-03-21,8989,1215,252,58,2.26,,,,,,,,,47.22,1,0,0,0,0,0
2020-03-22,10365,1376,288,36,2.24,,,,,,,,,62.04,1,0,0,0,0,0
2020-03-23,12704,2339,364,76,2.2,,,,,,,,,78.24,1,0,0,0,0,0
2020-03-24,15075,2371,512,148,2.11,,,,,,,,,79.63,1,0,0,1,0,0
2020-03-25,17778,2703,703,191,2.04,,,,,,,,,79.63,1,0,0,1,1,0
2020-03-26,20882,3104,885,182,1.99,,,,,,,,,79.63,1,0,3,1,1,0
2020-03-27,24105,3223,1173,288,1.94,,,,,,,,,79.63,1,0,3,1,1,0
2020-03-28,26936,2831,1465,292,1.88,,,,,,,,,79.63,1,0,3,1,1,0
2020-03-29,29804,2868,1678,213,1.81,,,,,,,,,79.63,1,0,3,3,2,0
2020-03-30,34110,4306,2052,374,1.74,,,,,,,,,79.63,2,0,3,3,2,0
2020-03-31,38625,4515,2456,404,1.66,,176912,,,,,,,79.63,2,0,3,3,2,4
2020-04-01,43570,4945,3128,672,1.59,12374,189286,,,,,,,79.63,2,0,3,3,2,4
2020-04-02,48456,4886,3785,657,1.53,15872,205158,,,,,,,79.63,2,0,3,3,2,4
2020-04-03,53410,4954,4522,737,1.49,14245,219403,,,,,,,79.63,2,0,3,3,2,4
2020-04-04,57460,4050,5279,757,1.43,15103,234506,,,,,,,79.63,2,0,3,3,2,4
2020-04-05,61101,3641,5879,600,1.37,11663,246169,,,,,,,79.63,2,0,3,3,2,4
2020-04-06,66390,5289,6447,568,1.29,13490,259659,,,,,,,79.63,2,0,3,3,2,4
2020-04-07,71852,5462,7552,1105,1.23,13266,272925,0.3461,2.9,,,,,79.63,2,0,3,3,2,4
2020-04-08,76997,5145,8583,1031,1.17,15194,288119,0.3382,3,,,,,79.63,2,0,3,3,2,4
2020-04-09,81859,4862,9699,1116,1.13,17098,305217,0.3338,3,,,,,79.63,2,0,3,3,2,4
2020-04-10,86211,4352,10822,1123,1.11,15939,321156,0.3224,3.1,,,,,79.63,2,0,3,3,2,4
2020-04-11,89797,3586,11665,843,1.1,15020,336176,0.3181,3.1,,,,,79.63,2,0,3,3,2,4
2020-04-12,93316,3519,12322,657,1.08,12017,348193,0.3158,3.2,,,,,79.63,2,0,3,3,2,4
2020-04-13,97504,4188,13046,724,1.04,12082,360275,0.3092,3.2,,,,,79.63,2,0,3,3,2,4
2020-04-14,101833,4329,14126,1080,1.03,14222,374497,0.2952,3.4,,,,,79.63,2,0,3,3,2,4
2020-04-15,106905,5072,15008,882,1.05,16234,390731,0.2915,3.4,,,,,79.63,2,0,3,3,2,4
2020-04-16,112213,5308,16048,1040,1.08,17777,408508,0.2939,3.4,,,,,79.63,2,0,3,3,2,4
2020-04-17,117191,4978,16962,914,1.1,17365,425873,0.2958,3.4,,,,,79.63,2,0,3,3,2,4
2020-04-18,121921,4730,18068,1106,1.11,16460,442333,0.3026,3.3,,,,,79.63,2,0,3,3,2,4
2020-04-19,125777,3856,18500,432,1.08,13460,455793,0.3017,3.3,,,,,79.63,2,0,3,3,2,4
2020-04-20,130635,4858,19073,573,1.05,32680,488473,0.2584,3.9,,,,,79.63,2,0,3,3,2,4
2020-04-21,135403,4768,20297,1224,1.02,20063,508536,0.2505,4,,,,,79.63,2,0,3,3,2,4
2020-04-22,140895,5492,21148,851,1.01,20089,528625,0.2465,4.1,,,,,79.63,2,0,3,3,2,4
2020-04-23,146061,5166,21831,683,1.01,20368,548993,0.2409,4.2,,,,,79.63,2,0,3,3,2,4
2020-04-24,151036,4975,22846,1015,1.01,21982,570975,0.2332,4.3,,,,,79.63,2,0,3,3,2,4
2020-04-25,154786,3750,23662,816,1.01,17939,588914,0.2242,4.5,,,,,79.63,2,0,3,3,2,4
2020-04-26,158254,3468,24026,364,0.99,17968,606882,0.215,4.7,,,,,79.63,2,0,3,3,2,4
2020-04-27,162956,4702,24346,320,0.98,16553,623435,0.2395,4.2,,,,,79.63,2,0,3,3,2,4
2020-04-28,167682,4726,25316,970,0.96,23649,647084,0.233,4.3,,,,,79.63,2,0,3,3,2,4
2020-04-29,173124,5442,26087,771,0.96,34287,681371,0.211,4.7,,,,,79.63,2,0,3,3,2,4
2020-04-30,178080,4956,26723,636,0.95,39753,721124,0.186,5.4,,,,,79.63,2,0,3,3,2,4
2020-05-01,182808,4728,27422,699,0.93,39095,760219,0.1679,6,,,,,79.63,2,0,3,3,2,4
2020-05-02,186034,3226,28006,584,0.9,28054,788273,0.1567,6.4,,,,,79.63,2,0,3,3,2,4
2020-05-03,189009,2975,28259,253,0.87,25867,814140,0.1484,6.7,,,,,79.63,2,0,3,3,2,4
2020-05-04,192387,3378,28531,272,0.84,28763,842903,0.1341,7.5,,,,,79.63,2,0,3,3,2,4
2020-05-05,196072,3685,29256,725,0.82,32350,875253,0.1244,8,,,,,79.63,2,0,3,3,2,4
2020-05-06,199903,3831,29903,647,0.81,32668,907921,0.1182,8.5,,,,,79.63,2,1,3,3,2,4
2020-05-07,203670,3767,30361,458,0.82,33587,941508,0.1161,8.6,,,,,79.63,2,1,3,3,2,4
2020-05-08,206719,3049,30941,580,0.82,32496,974004,0.1118,8.9,,,,,79.63,2,1,3,3,2,4
2020-05-09,208869,2150,31216,275,0.82,28412,1002416,0.1066,9.4,,,,,79.63,2,1,3,3,2,4
2020-05-10,211190,2321,31433,217,0.83,26327,1028743,0.1034,9.7,,,,,79.63,2,1,3,3,2,4
2020-05-11,214774,3584,31620,187,0.84,25545,1054288,0.1059,9.4,,,,,77.78,2,1,3,3,2,4
2020-05-12,218164,3390,32235,615,0.83,32077,1086365,0.1046,9.6,,,,,77.78,2,1,3,3,2,4
2020-05-13,221463,3299,32683,448,0.81,32522,1118887,0.1022,9.8,,,,,71.3,2,1,3,3,2,4
2020-05-14,224073,2610,33035,352,0.8,32220,1151107,0.0973,10.3,,,,,71.3,2,1,3,3,2,4
2020-05-15,226590,2517,33385,350,0.8,37323,1188430,0.0927,10.8,,,,,71.3,2,1,3,3,2,4
2020-05-16,228660,2070,33796,411,0.81,31549,1219979,0.091,11,,,,,71.3,2,1,3,3,2,4
2020-05-17,230486,1826,33863,67,0.82,24746,1244725,0.0893,11.2,,,,,71.3,2,1,3,3,2,4
2020-05-18,233061,2575,34009,146,0.82,28887,1273612,0.0834,12,,,,,71.3,2,1,3,3,2,4
2020-05-19,236102,3041,34510,501,0.83,30047,1303659,0.0826,12.1,,,,,71.3,2,1,3,3,2,4
2020-05-20,238811,2709,34839,329,0.81,38295,1341954,0.0778,12.9,,,,,71.3,2,1,3,3,2,4
2020-05-21,241353,2542,35112,273,0.79,37737,1379691,0.0756,13.2,,,,,71.3,1,1,3,3,2,4
2020-05-22,243383,2030,35403,291,0.77,35916,1415607,0.0739,13.5,,,,,71.3,1,1,3,3,2,4
2020-05-23,244890,1507,35623,220,0.74,32227,1447834,0.0712,14,,,,,71.3,1,1,3,3,2,4
2020-05-24,246238,1348,36002,379,0.73,27478,1475312,0.0683,14.6,,,,,71.3,1,1,3,3,2,4
2020-05-25,247846,1608,36106,104,0.71,26781,1502093,0.0647,15.5,,,,,71.3,1,1,3,3,2,4
2020-05-26,249496,1650,36237,131,0.71,29884,1531977,0.0587,17,,,,,71.3,1,1,3,3,2,4
2020-05-27,251299,1803,36659,422,0.72,35670,1567647,0.0553,18.1,,,,,71.3,1,1,3,3,2,4
2020-05-28,253033,1734,37002,343,0.73,37934,1605581,0.0517,19.3,,,,,71.3,1,1,3,3,2,4
2020-05-29,254537,1504,37276,274,0.73,37085,1642666,0.0491,20.4,,,,,69.44,1,1,3,3,2,4
2020-05-30,255636,1099,37430,154,0.73,31758,1674424,0.0474,21.1,,,,,69.44,1,1,3,3,2,4
2020-05-31,256705,1069,37490,60,0.74,27520,1701944,0.0462,21.7,,,,,69.44,1,1,3,3,2,4
2020-06-01,258139,1434,37576,86,0.74,29957,1731901,0.0448,22.3,,,,,67.59,1,1,3,3,2,4
2020-06-02,259606,1467,37826,250,0.74,38550,1770451,0.0424,23.6,,,,,67.59,1,1,3,3,2,4
2020-06-03,260949,1343,38080,254,0.73,39864,1810315,0.0398,25.1,,,,,67.59,1,1,3,3,2,4
2020-06-04,262183,1234,38210,130,0.73,39593,1849908,0.0374,26.7,,,,,67.59,1,1,3,3,2,4
2020-06-05,263288,1105,38468,258,0.73,38663,1888571,0.0356,28.1,,,,,67.59,1,1,3,3,2,4
2020-06-06,264081,793,38611,143,0.73,36088,1924659,0.0337,29.6,,,,,67.59,1,1,3,2,2,4
2020-06-07,264798,717,38665,54,0.74,30902,1955561,0.0319,31.3,,,,,67.59,1,1,3,2,2,4
2020-06-08,265885,1087,38712,47,0.77,32206,1987767,0.0303,33,,,,,73.15,1,1,3,2,2,4
2020-06-09,267039,1154,38909,197,0.79,43052,2030819,0.0285,35,,,,,73.15,1,1,3,2,2,4
2020-06-10,268221,1182,39073,164,0.81,43275,2074094,0.0276,36.3,,,,,73.15,1,1,3,2,2,4
2020-06-11,269222,1001,39149,76,0.82,41318,2115412,0.0265,37.7,,,,,73.15,1,1,3,2,2,4
2020-06-12,270275,1053,39280,131,0.83,41231,2156643,0.0261,38.4,,,,,73.15,1,1,3,2,2,4
2020-06-13,271162,887,39387,107,0.84,38838,2195481,0.0261,38.2,,,,,73.15,1,1,3,2,2,4
2020-06-14,271969,807,39414,27,0.85,31552,2227033,0.0264,37.9,,,,,73.15,1,1,3,2,2,4
2020-06-15,272998,1029,39443,29,0.86,36848,2263881,0.0258,38.8,,,,,71.3,1,1,3,2,2,4
2020-06-16,274075,1077,39563,120,0.86,43688,2307569,0.0254,39.3,,,,,71.3,1,1,3,2,2,4
2020-06-17,275074,999,39673,110,0.86,44088,2351657,0.0247,40.5,,,,,71.3,1,1,3,2,2,4
2020-06-18,276094,1020,39740,67,0.86,46349,2398006,0.0243,41.1,,,,,71.3,1,1,3,2,2,4
2020-06-19,277074,980,39824,84,0.84,41503,2439509,0.024,41.6,,,,,71.3,1,1,3,2,2,4
2020-06-20,277740,666,39895,71,0.81,37026,2476535,0.0234,42.7,,,,,71.3,1,1,3,2,2,4
2020-06-21,278362,622,39926,31,0.81,30198,2506733,0.0229,43.8,,,,,71.3,1,1,3,2,2,4
2020-06-22,279254,892,39939,13,0.81,41297,2548030,0.022,45.4,,,,,71.3,1,1,3,2,2,4
2020-06-23,280136,882,40033,94,0.8,46902,2594932,0.0211,47.4,,,,,71.3,1,1,3,2,2,4
2020-06-24,280911,775,40120,87,0.79,44626,2639558,0.0203,49.3,,,,,71.3,1,1,3,2,2,4
2020-06-25,281608,697,40219,99,0.76,63630,2703188,0.0181,55.3,,,,,71.3,1,1,3,2,2,4
2020-06-26,282246,638,40296,77,0.73,44895,2748083,0.0168,59.7,,,,,71.3,1,1,3,2,2,4
2020-06-27,282879,633,40336,40,0.7,41610,2789693,0.0164,60.9,,,,,71.3,1,1,3,2,2,4
2020-06-28,283274,395,40367,31,0.67,32110,2821803,0.0156,64.1,,,,,71.3,1,1,3,2,2,4
2020-06-29,283878,604,40388,21,0.65,42600,2864403,0.0146,68.4,,,,,71.3,1,1,3,2,2,4
2020-06-30,284281,403,40441,53,0.6,48407,2912810,0.013,76.7,,,,,71.3,1,2,3,2,2,4
2020-07-01,284341,60,40538,97,0.57,50600,2963410,0.0106,94.4,,,,,71.3,1,2,3,2,2,4
2020-07-02,284345,4,40579,41,0.62,48126,3011536,0.0089,112.7,,,,,71.3,1,2,3,2,2,4
2020-07-03,284847,502,40628,49,0.75,48343,3059879,0.0083,119.9,,,,,71.3,1,2,3,2,2,4
2020-07-04,285471,624,40660,32,0.86,41428,3101307,0.0083,120.2,,,,,69.91,1,2,3,2,2,4
2020-07-05,285987,516,40679,19,0.92,39026,3140333,0.0085,117.4,,,,,69.91,1,2,3,2,2,4
2020-07-06,286345,358,40690,11,0.95,41991,3182324,0.0078,128.9,,,,,64.35,1,2,3,2,2,4
2020-07-07,286926,581,40744,54,1.02,51925,3234249,0.0082,121.5,,,,,64.35,1,2,3,2,2,4
2020-07-08,287556,630,40801,57,1.08,57829,3292078,0.0098,102.2,,,,,64.35,1,2,3,2,2,4
2020-07-09,288198,642,40832,31,1.12,61406,3353484,0.0113,88.7,,,,,64.35,1,2,3,2,2,4
2020-07-10,288710,512,40866,34,1.13,52791,3406275,0.0112,89.7,,,,,64.35,1,2,3,2,2,4
2020-07-11,289530,820,40883,17,1.17,54315,3460590,0.0113,88.5,,,,,64.35,1,2,3,2,2,4
2020-07-12,290180,650,40892,9,1.18,37324,3497914,0.0117,85.3,,,,,64.35,1,2,3,2,2,4
2020-07-13,290714,534,40902,10,1.19,72548,3570462,0.0113,88.8,,,,,64.35,1,2,3,2,2,4
2020-07-14,291954,1240,40946,44,1.22,112961,3683423,0.0112,89.3,,,,,64.35,1,2,3,2,2,4
2020-07-15,292492,538,40972,26,1.14,133101,3816524,0.0094,106.2,,,,,64.35,1,2,3,2,2,4
2020-07-16,293135,643,40996,24,1.1,149512,3966036,0.0081,124.1,,,,,64.35,1,2,3,2,2,4
2020-07-17,293822,687,41022,26,1.08,157696,4123732,0.0071,140.3,,,,,64.35,1,2,3,2,2,4
2020-07-18,294649,827,41031,9,1.07,122363,4246095,0.0065,153.4,,,,,64.35,1,2,3,2,2,4
2020-07-19,295375,726,41042,11,1.04,100540,4346635,0.0061,163.4,,,,,64.35,1,2,3,2,2,4
2020-07-20,295955,580,41052,10,1,85071,4431706,0.0061,164.3,,,,,64.35,1,2,3,2,2,4
2020-07-21,296400,445,41077,25,0.97,121693,4553399,0.0051,195.7,,,,,64.35,1,2,3,2,2,4
2020-07-22,296960,560,41094,17,1,131462,4684861,0.0051,194.3,,,,,64.35,1,2,3,2,2,4
2020-07-23,297729,769,41103,9,1.05,134282,4819143,0.0054,185.7,,,,,64.35,1,2,3,2,2,4
2020-07-24,298498,769,41135,32,1.07,141314,4960457,0.0056,178.9,,,,,64.35,1,2,3,2,2,4
2020-07-25,299265,767,41150,15,1.07,134043,5094500,0.0054,183.8,,,,,64.35,1,2,3,2,2,4
2020-07-26,300010,745,41158,8,1.07,104884,5199384,0.0054,184,,,,,64.35,1,2,3,2,2,4
2020-07-27,300695,685,41161,3,1.07,82265,5281649,0.0056,179.3,,,,,64.35,1,2,3,2,2,4
2020-07-28,301245,550,41182,21,1.06,130610,5412259,0.0056,177.3,,,,,64.35,1,2,3,2,2,4
2020-07-29,302042,797,41216,34,1.09,143506,5555765,0.0058,171.4,,,,,64.35,1,2,3,2,2,4
2020-07-30,302888,846,41216,0,1.11,154395,5710160,0.0058,172.7,,,,,64.35,1,2,3,2,2,4
2020-07-31,303768,880,41236,20,1.11,146999,5857159,0.0059,170.2,,,,,64.35,1,2,3,2,2,4
2020-08-01,304529,761,41249,13,1.1,130999,5988158,0.0059,169.8,,,,,69.91,1,2,3,2,2,4
2020-08-02,305272,743,41254,5,1.11,123527,6111685,0.0058,173.4,,,,,69.91,1,2,3,2,2,4
2020-08-03,306214,942,41255,1,1.13,123291,6234976,0.0058,172.7,,,,,69.91,1,2,3,2,2,4
2020-08-04,306888,674,41273,18,1.11,141440,6376416,0.0059,170.9,,,,,69.91,1,2,3,2,2,4
2020-08-05,307780,892,41287,14,1.13,153543,6529959,0.0059,169.8,,,,,69.91,1,2,3,2,2,4
2020-08-06,308731,951,41305,18,1.13,163438,6693397,0.0059,168.3,,,,,69.91,1,2,3,2,2,4
2020-08-07,309602,871,41317,12,1.12,156140,6849537,0.0059,170.1,,,,,69.91,1,2,3,2,2,4
2020-08-08,310360,758,41320,3,1.13,146826,6996363,0.0058,172.9,,,,,69.91,1,2,3,2,2,4
2020-08-09,311422,1062,41325,5,1.16,148961,7145324,0.0059,168.1,,,,,69.91,1,2,3,2,2,4
2020-08-10,312240,818,41343,18,1.17,136091,7281415,0.0058,173.7,,,,,69.91,1,2,3,2,2,4
2020-08-11,313388,1148,41356,13,1.19,147663,7429078,0.0062,161.9,,,,,69.91,1,2,3,2,2,4
2020-08-12,314401,1013,41376,20,1.19,169591,7598669,0.0062,161.4,,,,,69.91,1,2,3,2,2,4
2020-08-13,315530,1129,41394,18,1.18,160620,7759289,0.0064,156.8,,,,,66.2,1,2,3,2,2,4
2020-08-14,316974,1444,41405,11,1.18,167759,7927048,0.0068,146.2,,,,,66.2,1,2,3,2,2,4
2020-08-15,317986,1012,41408,3,1.13,174914,8101962,0.0069,145,,,,,66.2,1,2,3,2,2,4
2020-08-16,319091,1105,41413,5,1.08,164200,8266162,0.0068,146.2,,,,,66.2,1,2,3,2,2,4
2020-08-17,319806,715,41416,3,1.05,140626,8406788,0.0067,148.7,,,,,66.2,1,2,3,2,2,4
2020-08-18,320895,1089,41428,12,1.06,153233,8560021,0.0066,150.7,,,,,66.2,1,2,3,2,2,4
2020-08-19,321711,816,41445,17,1.05,175886,8735907,0.0064,155.6,,,,,66.2,1,2,3,2,2,4
2020-08-20,322893,1182,41451,6,1.07,171438,8907345,0.0064,155.9,,,,,66.2,1,2,3,2,2,4
2020-08-21,323927,1034,41453,2,1.08,180335,9087680,0.006,166.9,,,,,66.2,1,2,2,2,2,4
2020-08-22,325215,1288,41471,18,1.1,171385,9259065,0.0062,160.1,,,,,66.2,1,2,2,2,2,4
2020-08-23,326256,1041,41477,6,1.09,156483,9415548,0.0062,160.4,,,,,66.2,1,2,2,2,2,4
2020-08-24,327230,974,41481,4,1.1,137026,9552574,0.0065,154.3,,,,,66.2,1,2,2,2,2,4
2020-08-25,328418,1188,41497,16,1.13,163327,9715901,0.0065,153.6,,,,,66.2,1,3,2,2,2,4
2020-08-26,329469,1051,41513,16,1.15,190393,9906294,0.0066,150.9,,,,,66.2,1,3,2,2,2,4
2020-08-27,330991,1522,41525,12,1.17,174045,10080339,0.0069,144.9,,,,,66.2,1,3,2,2,2,4
2020-08-28,332269,1278,41534,9,1.17,168684,10249023,0.0072,139.2,,,,,66.2,1,3,2,2,2,4
2020-08-29,333377,1108,41546,12,1.18,170574,10419597,0.007,142.2,,,,,66.2,1,3,2,2,2,4
2020-08-30,335092,1715,41547,1,1.22,166871,10586468,0.0075,132.5,,,,,66.2,1,3,2,2,2,4
2020-08-31,336498,1406,41549,2,1.23,158554,10745022,0.0078,128.7,,,,,66.2,1,3,2,2,2,4
2020-09-01,337798,1300,41552,3,1.25,164225,10909247,0.0079,127.2,,,,,64.35,1,3,2,2,2,4
2020-09-02,339307,1509,41562,10,1.28,182003,11091250,0.0083,120.4,,,,,64.35,1,3,2,2,2,4
2020-09-03,341042,1735,41575,13,1.32,182354,11273604,0.0084,118.7,,,,,64.35,1,3,2,2,2,4
2020-09-04,342982,1940,41585,10,1.37,188783,11462387,0.0088,113.3,,,,,64.35,1,3,2,2,2,4
2020-09-05,344795,1813,41597,12,1.42,166119,11628506,0.0094,105.9,,,,,64.35,1,3,2,2,2,4
2020-09-06,347778,2983,41599,2,1.49,169890,11798396,0.0105,95.5,,,,,64.35,1,3,2,2,2,4
2020-09-07,350728,2950,41602,3,1.5,179267,11977663,0.0115,86.6,,,,,64.35,1,3,2,2,2,4
2020-09-08,353189,2461,41634,32,1.46,187903,12165566,0.0123,81.6,,,,,64.35,1,3,2,2,2,4
2020-09-09,355850,2661,41642,8,1.43,206695,12372261,0.0129,77.4,,,,,64.35,1,3,1,2,2,4
2020-09-10,358769,2919,41656,14,1.41,222448,12594709,0.0134,74.5,,,,,64.35,1,3,1,2,2,4
2020-09-11,362310,3541,41662,6,1.41,239740,12834449,0.0141,71,,,,,64.35,1,3,1,2,2,4
2020-09-12,365807,3497,41671,9,1.38,221166,13055615,0.0147,67.9,,,,,64.35,1,3,1,2,2,4
2020-09-13,369137,3330,41676,5,1.33,213173,13268788,0.0145,68.8,,,,,64.35,1,3,1,2,2,4
2020-09-14,371758,2621,41685,9,1.3,207718,13476506,0.014,71.3,,,,,65.74,1,3,1,2,2,4
2020-09-15,374867,3109,41712,27,1.3,224277,13700783,0.0141,70.8,,,,,65.74,1,3,1,2,2,4
2020-09-16,378858,3991,41732,20,1.31,239337,13940120,0.0147,68.1,,,,,65.74,1,3,1,2,2,4
2020-09-17,382258,3400,41753,21,1.31,234453,14174573,0.0149,67.3,,,,,65.74,1,3,1,2,2,4
2020-09-18,386580,4322,41780,27,1.33,253407,14427980,0.0152,65.7,,,,,65.74,1,3,1,2,2,4
2020-09-19,391002,4422,41807,27,1.33,239885,14667865,0.0156,64,,,,,65.74,1,3,1,2,2,4
2020-09-20,394901,3899,41825,18,1.33,219722,14887587,0.0159,62.8,,,,,65.74,1,3,1,2,2,4
2020-09-21,399277,4376,41836,11,1.37,188865,15076452,0.0172,58.1,,,,,65.74,1,3,1,2,2,4
2020-09-22,404203,4926,41873,37,1.4,219014,15295466,0.0184,54.4,,,,,65.74,1,3,1,2,2,4
2020-09-23,410383,6180,41910,37,1.42,233248,15528714,0.0198,50.4,,,,,65.74,1,3,1,2,2,4
2020-09-24,417018,6635,41950,40,1.42,248001,15776715,0.0217,46.1,,,,,67.59,1,3,1,2,2,4
2020-09-25,423892,6874,41984,34,1.39,259559,16036274,0.0232,43.1,,,,,67.59,1,3,1,2,2,4
2020-09-26,429933,6041,42019,35,1.34,234489,16270763,0.0243,41.2,,,,,67.59,1,3,1,2,2,4
2020-09-27,435625,5692,42036,17,1.3,226900,16497663,0.0253,39.5,,,,,67.59,1,3,1,2,2,4
2020-09-28,439677,4052,42049,13,1.31,198880,16696543,0.0249,40.1,,,,,67.59,1,3,1,2,2,4
2020-09-29,446820,7143,42120,71,1.37,212421,16908964,0.0264,37.9,,,,,67.59,1,3,1,2,2,4
2020-09-30,453929,7109,42191,71,1.41,236592,17145556,0.0269,37.1,,,,,67.59,1,3,1,2,2,4
2020-10-01,460843,6914,42250,59,1.48,233586,17379142,0.0273,36.6,,,,,67.59,1,3,1,2,2,4
2020-10-02,467823,6980,42316,66,1.58,249774,17628916,0.0276,36.3,,,,,67.59,1,3,1,2,2,4
2020-10-03,480695,12872,42365,49,1.74,252983,17881899,0.0315,31.7,,,,,67.59,1,3,1,2,2,4
2020-10-04,503656,22961,42398,33,1.82,223470,18105369,0.0423,23.6,,,,,67.59,1,3,1,2,2,4
2020-10-05,516257,12601,42417,19,1.71,232901,18338270,0.0466,21.4,,,,,67.59,1,3,1,2,2,4
2020-10-06,530808,14551,42493,76,1.6,240931,18579201,0.0503,19.9,,,,,67.59,1,3,1,2,2,4
2020-10-07,544973,14165,42563,70,1.5,239950,18819151,0.0544,18.4,,,,,67.59,1,3,1,2,2,4
2020-10-08,562514,17541,42640,77,1.44,270901,19090052,0.0594,16.8,,,,,67.59,1,3,1,2,2,4
2020-10-09,576378,13864,42727,87,1.36,277261,19367313,0.0624,16,,,,,67.59,1,3,1,2,2,4
2020-10-10,591543,15165,42808,81,1.3,256189,19623502,0.0636,15.7,,,,,67.59,1,3,1,2,2,4
2020-10-11,604415,12872,42873,65,1.26,237638,19861140,0.0574,17.4,,,,,67.59,1,3,1,2,2,4
2020-10-12,618425,14010,42923,50,1.27,201267,20062407,0.0593,16.9,,,,,60.19,1,3,1,2,2,4
2020-10-13,635661,17236,43066,143,1.28,252235,20314642,0.0604,16.6,,,,,60.19,1,3,1,2,2,4
2020-10-14,655389,19728,43203,137,1.27,279609,20594251,0.0622,16.1,,,,,60.19,1,3,1,2,2,4
2020-10-15,674370,18981,43341,138,1.24,279089,20873340,0.0627,15.9,,,,,60.19,1,3,1,2,2,4
2020-10-16,690005,15635,43477,136,1.21,289403,21162743,0.0633,15.8,,,,,60.19,1,3,1,2,2,4
2020-10-17,706176,16171,43627,150,1.19,277577,21440320,0.0631,15.8,,,,,60.19,1,3,1,2,2,4
2020-10-18,723157,16981,43694,67,1.21,280884,21721204,0.0638,15.7,,,,,60.19,1,3,1,2,2,4
2020-10-19,741979,18822,43774,80,1.24,235936,21957140,0.0652,15.3,,,,,65.74,1,3,1,2,2,4
2020-10-20,763310,21331,44015,241,1.26,260933,22218073,0.0671,14.9,,,,,65.74,1,3,1,2,2,4
2020-10-21,790004,26694,44206,191,1.25,287777,22505850,0.0704,14.2,,,,,65.74,1,3,1,2,2,4
2020-10-22,811251,21247,44395,189,1.21,316734,22822584,0.0702,14.2,,,,,67.59,1,3,1,2,2,4
2020-10-23,831793,20542,44619,224,1.19,312570,23135154,0.0719,13.9,,,,,75,1,3,1,2,2,4
2020-10-24,854805,23012,44793,174,1.17,282111,23417265,0.0752,13.3,,,,,75,1,3,1,2,2,4
2020-10-25,874595,19790,44944,151,1.15,291226,23708491,0.0762,13.1,,,,,75,1,3,1,2,2,4
2020-10-26,895486,20891,45046,102,1.15,224102,23932593,0.0777,12.9,,,,,75,1,3,1,2,2,4
2020-10-27,918397,22911,45413,367,1.14,259767,24192360,0.0786,12.7,,,,,75,1,3,3,2,2,4
2020-10-28,943108,24711,45723,310,1.12,285784,24478144,0.0776,12.9,,,,,75,1,3,3,2,2,4
2020-10-29,966176,23068,46003,280,1.1,319549,24797693,0.0784,12.7,,,,,75,1,3,3,2,2,4
2020-10-30,990586,24410,46277,274,1.09,277666,25075359,0.0818,12.2,,,,,75,1,3,3,2,2,4
2020-10-31,1012501,21915,46603,326,1.07,278595,25353954,0.0814,12.3,,,,,75,2,3,3,2,2,4
2020-11-01,1035755,23254,46765,162,1.06,244935,25598889,0.0853,11.7,,,,,75,2,3,3,2,2,4
2020-11-02,1054709,18954,46901,136,1.05,188990,25787879,0.0858,11.7,,,,,75,2,3,3,2,2,4
2020-11-03,1074761,20052,47298,397,1.04,254714,26042593,0.0845,11.8,,,,,75,2,3,3,2,2,4
2020-11-04,1099952,25191,47790,492,1.05,293142,26335735,0.0844,11.8,,,,,75,2,3,3,2,2,4
2020-11-05,1124102,24150,48168,378,1.04,325036,26660771,0.0848,11.8,,,,,75,2,3,3,2,2,4
2020-11-06,1147405,23303,48523,355,1.04,341392,27002163,0.0814,12.3,,,,,72.22,2,3,3,2,2,4
2020-11-07,1172362,24957,48936,413,1.04,309292,27311455,0.0817,12.2,,,,,72.22,2,3,3,2,2,4
2020-11-08,1192934,20572,49092,156,1.04,266192,27577647,0.0794,12.6,,,,,72.22,2,3,3,2,2,4
2020-11-09,1214314,21380,49286,194,1.04,229170,27806817,0.0791,12.6,,,,,66.67,2,3,3,2,2,4
2020-11-10,1234747,20433,49818,532,1.05,285099,28091916,0.0781,12.8,,,,,64.81,2,3,3,2,2,4
2020-11-11,1257711,22964,50413,595,1.07,354828,28446744,0.0747,13.4,,,,,64.81,2,3,3,2,2,4
2020-11-12,1291198,33487,50976,563,1.09,362960,28809704,0.0778,12.9,,,,,64.81,2,3,3,2,2,4
2020-11-13,1318499,27301,51352,376,1.08,364210,29173914,0.0788,12.7,,,,,64.81,2,3,3,2,2,4
2020-11-14,1345359,26860,51814,462,1.05,330673,29504587,0.0789,12.7,,,,,64.81,1,3,3,3,2,4
2020-11-15,1370321,24962,51982,168,1.01,262550,29767137,0.081,12.3,,,,,64.81,1,3,3,3,2,4
2020-11-16,1391727,21406,52195,213,0.97,217762,29984899,0.0815,12.3,,,,,64.81,1,3,3,3,2,4
2020-11-17,1411778,20051,52793,598,0.93,272328,30257227,0.0818,12.2,,,,,64.81,1,3,1,3,2,4
2020-11-18,1431409,19631,53322,529,0.9,338801,30596028,0.0808,12.4,,,,,64.81,1,3,1,2,2,4
2020-11-19,1454335,22926,53823,501,0.88,359472,30955500,0.076,13.2,,,,,64.81,1,3,1,2,2,4
2020-11-20,1474588,20253,54334,511,0.87,354491,31309991,0.0731,13.7,,,,,67.59,1,3,1,2,2,4
2020-11-21,1494477,19889,54674,340,0.85,330180,31640171,0.0698,14.3,,,,,67.59,1,3,1,2,2,4
2020-11-22,1513139,18662,55072,398,0.84,236649,31876820,0.0677,14.8,,,,,67.59,1,3,1,2,2,4
2020-11-23,1528589,15450,55278,206,0.82,186728,32063548,0.0658,15.2,,,,,67.59,1,3,1,2,2,4
2020-11-24,1539918,11329,55886,608,0.8,290832,32354380,0.0611,16.4,,,,,67.59,1,3,1,2,2,4
2020-11-25,1558154,18236,56581,695,0.81,324210,32678590,0.0609,16.4,,,,,67.59,1,3,1,2,2,4
2020-11-26,1575709,17555,57079,498,0.81,353427,33032017,0.0585,17.1,,,,,67.59,1,3,1,2,2,4
2020-11-27,1590519,14810,57599,520,0.81,305338,33337355,0.0572,17.5,,,,,67.59,1,3,1,2,2,4
2020-11-28,1606390,15871,58078,479,0.82,283949,33621304,0.0565,17.7,,,,,67.59,1,3,1,2,2,4
2020-11-29,1618545,12155,58293,215,0.82,195955,33817259,0.0543,18.4,,,,,67.59,1,3,1,2,2,4
2020-11-30,1630956,12411,58496,203,0.85,196938,34014197,0.0525,19.1,,,,,67.59,1,3,1,2,2,4
2020-12-01,1644427,13471,59099,603,0.88,295273,34309470,0.0535,18.7,,,,,67.59,1,3,1,2,2,4
2020-12-02,1660653,16226,59747,648,0.9,329467,34638937,0.0523,19.1,,,,,67.59,1,3,1,2,2,4
2020-12-03,1675592,14939,60161,414,0.92,366951,35005888,0.0506,19.8,,,,,63.89,1,3,1,2,2,4
2020-12-04,1691958,16366,60665,504,0.95,359307,35365195,0.05,20,,,,,63.89,1,3,1,2,2,4
2020-12-05,1707520,15562,61062,397,0.98,335251,35700446,0.0486,20.6,,,,,63.89,1,3,1,2,2,4
2020-12-06,1724887,17367,61293,231,1.01,256912,35957358,0.0497,20.1,,,,,63.89,1,3,1,2,2,4
2020-12-07,1739636,14749,61482,189,1.02,207679,36165037,0.0505,19.8,,,,,63.89,1,3,1,2,2,4
2020-12-08,1751989,12353,62081,599,1.04,282130,36447167,0.0503,19.9,,,,,67.59,1,3,1,2,2,4
2020-12-09,1768605,16616,62614,533,1.08,366437,36813604,0.0496,20.1,,,,,67.59,1,3,1,2,2,4
2020-12-10,1789627,21022,63130,516,1.13,378724,37192328,0.0522,19.2,,,,,67.59,1,3,1,2,2,4
2020-12-11,1811381,21754,63554,424,1.17,371803,37564131,0.0543,18.4,,,,,67.59,0,3,1,2,2,4
2020-12-12,1832933,21552,64074,520,1.19,339362,37903493,0.0569,17.6,,,,,67.59,0,3,1,2,2,4
2020-12-13,1851471,18538,64218,144,1.2,297794,38201287,0.0564,17.7,,,,,67.59,0,3,1,2,2,4
2020-12-14,1871798,20327,64450,232,1.23,265538,38466825,0.0574,17.4,,,,,73.15,0,3,1,2,2,4
2020-12-15,1890308,18510,64956,506,1.26,299532,38766357,0.0596,16.8,,,,,73.15,0,3,1,2,2,4
2020-12-16,1915569,25261,65568,612,1.31,348925,39115282,0.0639,15.7,,,,,73.15,1,3,1,2,2,4
2020-12-17,1951049,35480,66100,532,1.35,364302,39479584,0.0706,14.2,,,,,73.15,1,3,1,2,2,4
2020-12-18,1979556,28507,66590,490,1.35,372628,39852212,0.0735,13.6,,,,,73.15,1,3,1,2,2,4
2020-12-19,2006745,27189,67127,537,1.36,429593,40281805,0.0731,13.7,,,,,76.85,1,3,1,2,2,4
2020-12-20,2042776,36031,67453,326,1.38,406008,40687813,0.0769,13,,,,,76.85,1,3,1,2,2,4
2020-12-21,2076249,33473,67668,215,1.37,412432,41100245,0.0776,12.9,,,,,76.85,1,3,1,2,2,4
2020-12-22,2113090,36841,68359,691,1.35,441366,41541611,0.0803,12.5,,,,,76.85,1,3,3,2,2,4
2020-12-23,2152408,39318,69107,748,1.32,491728,42033339,0.0812,12.3,,,,,76.85,1,3,3,2,2,4
2020-12-24,2191467,39059,69682,575,1.27,463123,42496462,0.0797,12.5,,,,,79.63,1,3,3,2,2,4
2020-12-25,2224192,32725,70252,570,1.24,339024,42835486,0.082,12.2,,,,,75.46,1,3,3,2,2,4
2020-12-26,2258885,34693,70462,210,1.25,269876,43105362,0.0893,11.2,,,,,79.63,1,3,3,2,2,4
2020-12-27,2291305,32420,70809,347,1.27,352702,43458064,0.0897,11.1,,,,,79.63,2,3,3,3,2,4
2020-12-28,2332719,41414,71166,357,1.31,351140,43809204,0.0947,10.6,,,,,79.63,2,3,3,3,2,4
2020-12-29,2385869,53150,71624,458,1.35,323432,44132636,0.1053,9.5,,,,,79.63,2,3,3,3,2,4
2020-12-30,2435912,50043,72606,982,1.34,401428,44534064,0.1134,8.8,,,,,79.63,2,3,3,3,2,4
2020-12-31,2491838,55926,73570,964,1.33,482561,45016625,0.1192,8.4,,,,,79.63,2,3,3,3,2,4
2021-01-01,2545124,53286,74185,615,1.32,403965,45420590,0.1241,8.1,,,,,79.63,2,3,3,3,2,4
2021-01-02,2602848,57724,74630,445,1.31,410261,45830851,0.1262,7.9,,,,,79.63,2,3,3,3,2,3
2021-01-03,2657900,55052,75084,454,1.29,416962,46247813,0.1314,7.6,,,,,79.63,2,3,3,3,2,4
2021-01-04,2716705,58805,75494,410,1.27,461900,46709713,0.1324,7.6,,,,,79.63,2,3,3,3,2,4
2021-01-05,2777643,60938,76372,878,1.23,486441,47196154,0.1279,7.8,,,,,87.96,2,3,3,3,2,4
2021-01-06,2839995,62352,77413,1041,1.19,540074,47736228,0.1262,7.9,,,,,87.96,2,3,3,3,2,4
2021-01-07,2892629,52634,78575,1162,1.14,599271,48335499,0.1208,8.3,,,,,87.96,2,3,3,3,2,4
2021-01-08,2960695,68066,79906,1331,1.12,647225,48982724,0.1167,8.6,,,,,87.96,2,3,3,3,2,4
2021-01-09,3020669,59974,80941,1035,1.08,528007,49510731,0.1135,8.8,,,,,87.96,2,3,3,3,2,4
2021-01-10,3075626,54957,81504,563,1.04,442182,49952913,0.1127,8.9,2677971,2286572,391399,,87.96,2,3,3,3,2,4
2021-01-11,3121817,46191,82033,529,0.99,517549,50470462,0.1077,9.3,2843815,2431648,412167,165844,87.96,2,3,3,3,2,4
2021-01-12,3167361,45544,83278,1245,0.95,546892,51017354,0.102,9.8,3067541,2639309,428232,223726,87.96,2,3,3,3,2,4
2021-01-13,3214900,47539,84843,1565,0.93,602318,51619672,0.0965,10.4,3356229,2918252,437977,288688,87.96,2,3,3,3,2,4
2021-01-14,3263595,48695,86091,1248,0.91,661829,52281501,0.094,10.6,3678180,3234946,443234,321951,87.96,2,3,3,3,2,4
2021-01-15,3319372,55777,87371,1280,0.89,575336,52856837,0.0926,10.8,4023705,3576263,447442,345525,87.96,2,3,3,3,2,4
2021-01-16,3360717,41345,88666,1295,0.87,469404,53326241,0.0891,11.2,4322456,3872394,450062,298751,87.96,2,3,3,3,2,4
2021-01-17,3399322,38605,89339,673,0.85,395734,53721975,0.0859,11.6,4514802,4062501,452301,192346,87.96,2,3,3,3,2,4
2021-01-18,3436864,37542,89938,599,0.83,537028,54259003,0.0832,12,4723443,4266577,456866,208641,87.96,2,3,3,3,2,4
2021-01-19,3470235,33371,91548,1610,0.82,559061,54818064,0.0797,12.5,5070365,4609740,460625,346922,87.96,2,3,3,3,2,4
2021-01-20,3509152,38917,93368,1820,0.81,627624,55445688,0.0769,13,5437284,4973248,464036,366919,87.96,2,3,3,3,2,4
2021-01-21,3547053,37901,94658,1290,0.8,644536,56090224,0.0744,13.4,5849899,5383103,466796,412615,87.96,2,3,3,3,2,4
2021-01-22,3587321,40268,96059,1401,0.78,608829,56699053,0.0697,14.3,6329968,5861351,468617,480069,87.96,2,3,3,3,2,4
2021-01-23,3620889,33568,97408,1349,0.77,465230,57164283,0.0678,14.8,6822981,6353321,469660,493013,87.96,2,3,3,3,2,4
2021-01-24,3650926,30037,98018,610,0.75,394479,57558762,0.0656,15.2,7044048,6573570,470478,221067,87.96,2,3,3,3,2,4
2021-01-25,3673144,22218,98610,592,0.72,531104,58089866,0.0617,16.2,7325773,6853327,472446,281725,87.96,2,3,3,3,2,4
2021-01-26,3693245,20101,100241,1631,0.71,584124,58673990,0.0578,17.3,7638543,7164387,474156,312770,87.96,2,3,3,3,2,4
2021-01-27,3718579,25334,101966,1725,0.72,750047,59424037,0.0526,19,7953250,7476765,476485,314707,87.96,2,3,3,3,2,4
2021-01-28,3747288,28709,103205,1239,0.73,735098,60159135,0.0492,20.3,8369438,7891184,478254,416188,87.96,2,3,3,3,2,4
2021-01-29,3776367,29079,104450,1245,0.73,645067,60804202,0.0461,21.7,8859372,8378940,480432,489934,87.96,2,3,3,3,2,4
2021-01-30,3799727,23360,105653,1203,0.73,420203,61224405,0.044,22.7,9468382,8977329,491053,609010,87.96,2,3,3,3,2,4
2021-01-31,3820867,21140,106240,587,0.72,578355,61802760,0.04,25,9790576,9296367,494209,322194,87.96,2,3,3,3,2,4
2021-02-01,3839520,18653,106646,406,0.72,630444,62433204,0.0383,26.1,10143511,9646715,496796,352935,87.96,2,3,3,3,2,4
2021-02-02,3856399,16879,108096,1450,0.71,592322,63025526,0.0375,26.7,10520433,10021471,498962,376922,87.96,2,3,3,3,2,4
2021-02-03,3875601,19202,109418,1322,0.71,778897,63804423,0.0358,27.9,10992444,10490487,501957,472011,87.96,2,3,3,3,2,4
2021-02-04,3896275,20674,110333,915,0.71,765722,64570145,0.0338,29.6,11477040,10971047,505993,484596,87.96,2,3,3,3,2,4
2021-02-05,3915435,19160,111347,1014,0.71,653463,65223608,0.0315,31.8,11975267,11465210,510057,498227,87.96,2,3,3,3,2,4
2021-02-06,3933720,18285,112175,828,0.72,436703,65660311,0.0302,33.1,12526737,12015018,511719,551470,87.96,2,3,3,3,2,4
2021-02-07,3949576,15856,112548,373,0.72,581691,66242002,0.029,34.5,12806587,12294006,512581,279850,87.96,2,3,3,3,2,4
2021-02-08,3963702,14126,112881,333,0.71,605066,66847068,0.0281,35.5,13162878,12646486,516392,356291,87.96,2,3,3,3,2,4
2021-02-09,3976087,12385,113933,1052,0.7,547937,67395005,0.0274,36.5,13577851,13058298,519553,414973,87.96,2,3,3,3,2,4
2021-02-10,3989111,13024,114934,1001,0.69,734472,68129477,0.0262,38.1,14033555,13509108,524447,455704,87.96,2,3,3,3,2,4
2021-02-11,4002616,13505,115612,678,0.7,699432,68828909,0.025,40,14542318,14012224,530094,508763,87.96,2,3,3,3,2,4
2021-02-12,4017779,15163,116370,758,0.72,593335,69422244,0.0244,41,15091696,14556827,534869,549378,87.96,2,3,3,3,2,4
2021-02-13,4031095,13316,116991,621,0.73,368247,69790491,0.0236,42.4,15599904,15062189,537715,508208,87.96,2,3,3,3,2,4
2021-02-14,4042077,10982,117249,258,0.73,373484,70163975,0.0236,42.4,15839781,15300151,539630,239877,87.96,2,3,3,3,2,4
2021-02-15,4051847,9770,117481,232,0.74,428689,70592664,0.0235,42.5,16122272,15576107,546165,282491,87.96,2,3,3,3,2,4
2021-02-16,4062477,10630,118280,799,0.75,471380,71064044,0.0235,42.5,16499549,15940972,558577,377277,87.96,2,3,3,3,2,4
2021-02-17,4075198,12721,119018,738,0.76,546351,71610395,0.0247,40.4,16996806,16423082,573724,497257,87.96,2,3,3,3,2,4
2021-02-18,4087258,12060,119472,454,0.77,530800,72141195,0.0256,39.1,17465127,16875536,589591,468321,87.96,2,3,3,3,2,4
2021-02-19,4099292,12034,120005,533,0.77,496294,72637489,0.0254,39.4,17852327,17247442,604885,387200,87.96,2,3,3,3,2,4
2021-02-20,4109700,10408,120450,445,0.78,384274,73021763,0.0243,41.1,18197269,17582121,615148,344942,87.96,2,3,3,3,2,4
2021-02-21,4119535,9835,120665,215,0.79,567541,73589304,0.0226,44.2,18348165,17723840,624325,150896,87.96,2,3,3,3,2,4
2021-02-22,4130180,10645,120842,177,0.79,653436,74242740,0.0215,46.6,18558969,17916181,642788,210804,86.11,2,3,3,3,2,4
2021-02-23,4138669,8489,121390,548,0.77,579445,74822185,0.0203,49.3,18911978,18242873,669105,353009,86.11,2,3,3,3,2,4
2021-02-24,4148608,9939,121833,443,0.76,718063,75540248,0.0187,53.5,19392553,18691835,700718,480575,86.11,2,3,3,3,2,4
2021-02-25,4158594,9986,122156,323,0.74,720484,76260732,0.0173,57.7,19913592,19177555,736037,521039,86.11,2,3,3,3,2,4
2021-02-26,4167118,8524,122501,345,0.72,589191,76849923,0.0161,62.1,20450858,19682048,768810,537266,86.11,2,3,3,3,2,4
2021-02-27,4174553,7435,122791,290,0.71,367716,77217639,0.0155,64.7,20885683,20089551,796132,434825,86.11,2,3,3,3,2,4
2021-02-28,4180592,6039,122935,144,0.7,520756,77738395,0.0147,68,21091267,20275451,815816,205584,86.11,2,3,3,3,2,4
2021-03-01,4186047,5455,123039,104,0.7,715777,78454172,0.0133,75.4,21322717,20478619,844098,231450,86.11,2,3,3,3,2,4
2021-03-02,4192439,6392,123382,343,0.71,679482,79133654,0.0125,80.2,21599027,20703615,895412,276310,86.11,2,3,3,3,2,4
2021-03-03,4198825,6386,123869,487,0.71,844157,79977811,0.0113,88.4,21946433,20982571,963862,347406,86.11,2,3,3,3,2,4
2021-03-04,4205399,6574,124111,242,0.72,974513,80952324,0.01,100.2,22392883,21358815,1034068,446450,86.11,2,3,3,3,2,4
2021-03-05,4211345,5946,124347,236,0.73,938318,81890642,0.0088,114,22887118,21796278,1090840,494235,86.11,2,3,3,3,2,4
2021-03-06,4217384,6039,124505,158,0.76,439157,82329799,0.0084,119.4,23335514,22213112,1122402,448396,86.11,2,3,3,3,2,4
2021-03-07,4222561,5177,124587,82,0.78,793051,83122850,0.0078,128.3,23519898,22377255,1142643,184384,86.11,2,3,3,3,2,4
2021-03-08,4227274,4713,124652,65,0.79,1518024,84640874,0.0067,150.1,23773959,22592528,1181431,254061,82.41,2,3,3,3,2,4
2021-03-09,4233041,5767,124883,231,0.82,1361860,86002734,0.0059,169.2,24064182,22809829,1254353,290223,82.41,2,3,3,3,2,4
2021-03-10,4238967,5926,125073,190,0.84,1546073,87548807,0.0053,188.6,24405231,23053716,1351515,341049,82.41,2,3,3,3,2,4
2021-03-11,4245720,6753,125254,181,0.86,1597522,89146329,0.0049,203.2,24759603,23314525,1445078,354372,82.41,2,3,3,3,2,4
2021-03-12,4252329,6609,125429,175,0.87,1388198,90534527,0.0047,210.9,25216857,23684103,1532754,457254,82.41,2,3,3,3,2,4
2021-03-13,4257863,5534,125550,121,0.87,423507,90958034,0.0047,213.2,25781120,24196211,1584909,564263,80.56,2,3,3,3,2,4
2021-03-14,4262481,4618,125602,52,0.87,950753,91908787,0.0045,220.1,26063501,24453221,1610280,282381,80.56,2,3,3,3,2,4
2021-03-15,4267571,5090,125666,64,0.88,1556286,93465073,0.0046,219,26503552,24839906,1663646,440051,78.7,2,3,3,3,2,4
2021-03-16,4272866,5295,125776,110,0.89,1301545,94766618,0.0045,220.1,27032671,25273226,1759445,529119,78.7,2,3,2,3,2,4
2021-03-17,4278624,5758,125917,141,0.9,1615995,96382613,0.0045,222.8,27614526,25735472,1879054,581855,78.7,2,3,2,3,2,4
2021-03-18,4284927,6303,126012,95,0.9,1425011,97807624,0.0045,220.9,28274802,26263732,2011070,660276,78.7,2,3,2,3,2,4
2021-03-19,4289729,4802,126112,100,0.91,907528,98715152,0.0046,218.7,29015457,26878662,2136795,740655,78.7,2,3,2,3,2,4
2021-03-20,4295316,5587,126208,96,0.93,446679,99161831,0.0046,219,29859742,27630970,2228772,844285,78.7,2,3,2,3,2,4
2021-03-21,4300628,5312,126241,33,0.95,1868835,101030666,0.0042,239.1,30279360,27997976,2281384,419618,78.7,2,3,2,3,2,4
2021-03-22,4305970,5342,126258,17,0.95,1169040,102199706,0.0044,227.5,30691557,28327873,2363684,412197,78.7,2,3,2,3,2,4
2021-03-23,4311350,5380,126370,112,0.95,819922,103019628,0.0047,214.5,31186362,28653523,2532839,494805,78.7,2,3,2,3,2,4
2021-03-24,4316954,5604,126468,98,0.94,1785554,104805182,0.0046,219.7,31766669,28991188,2775481,580307,78.7,2,3,2,3,2,4
2021-03-25,4323174,6220,126531,63,0.93,1266216,106071398,0.0046,216.1,32325993,29316130,3009863,559324,78.7,2,3,2,3,2,4
2021-03-26,4329361,6187,126601,70,0.91,698085,106769483,0.0049,203.2,33020952,29727435,3293517,694959,78.7,2,3,2,3,2,4
2021-03-27,4333226,3865,126659,58,0.87,451118,107220601,0.0047,212.6,33684114,30151736,3532378,663162,70.37,2,3,2,3,2,4
2021-03-28,4337088,3862,126678,19,0.85,1622771,108843372,0.0047,214.3,34125256,30445284,3679972,441142,70.37,2,3,2,3,2,4
2021-03-29,4341742,4654,126701,23,0.84,957386,109800758,0.0047,212.5,34530295,30682093,3848202,405039,70.37,2,3,2,3,2,4
2021-03-30,4345785,4043,126756,55,0.82,680003,110480761,0.0046,216.7,35033894,30908010,4125884,503599,70.37,2,3,2,3,2,4
2021-03-31,4349837,4052,126799,43,0.79,1253105,111733866,0.0047,210.7,35660902,31147444,4513458,627008,70.37,2,3,2,3,2,4
2021-04-01,4354316,4479,126850,51,0.77,939390,112673256,0.0047,212,36277136,31318262,4958874,616234,70.37,2,3,2,3,2,4
2021-04-02,4357718,3402,126902,52,0.75,542895,113216151,0.0044,227.3,36631187,31425682,5205505,354051,70.37,2,3,2,3,2,4
2021-04-03,4361141,3423,126912,10,0.74,392730,113608881,0.0044,228.8,36917986,31533568,5384418,286799,70.37,2,3,2,3,2,4
2021-04-04,4363438,2297,126922,10,0.73,802924,114411805,0.0047,211.3,37013749,31581623,5432126,95763,70.37,2,3,2,3,2,4
2021-04-05,4366200,2762,126948,26,0.72,740764,115152569,0.0046,218.8,37119083,31622367,5496716,105334,70.37,2,3,2,3,2,4
2021-04-06,4368580,2380,126968,20,0.73,620776,115773345,0.0043,232.2,37391103,31707594,5683509,272020,70.37,2,3,2,3,2,4
2021-04-07,4371342,2762,127013,45,0.75,1015750,116789095,0.0043,235.1,37899029,31807124,6091905,507926,70.37,2,3,2,3,2,4
2021-04-08,4374372,3030,127066,53,0.77,922977,117712072,0.004,251.2,38444540,31903366,6541174,545511,70.37,2,3,2,3,2,4
2021-04-09,4369512,-4860,127126,60,0.8,662313,118374385,0.0023,437.4,39001554,32010244,6991310,557014,70.37,2,3,2,3,2,4
2021-04-10,4372096,2584,127166,40,0.84,468906,118843291,0.0021,477.8,39587893,32121353,7466540,586339,70.37,2,3,2,3,2,4
2021-04-11,4373826,1730,127173,7,0.87,1207417,120050708,0.0018,542.8,39846781,32190576,7656205,258888,70.37,2,3,2,3,2,4
2021-04-12,4377394,3568,127186,13,0.91,872909,120923617,0.0019,515.5,40107877,32250481,7857396,261096,61.11,2,3,2,3,2,4
2021-04-13,4379867,2473,127209,23,0.9,668572,121592189,0.0019,515.5,40496685,32326604,8170081,388808,61.11,2,3,2,3,2,4
2021-04-14,4382358,2491,127247,38,0.9,1145777,122737966,0.0019,540,40958303,32444439,8513864,461618,61.11,2,3,2,3,2,4
2021-04-15,4385029,2671,127277,30,0.89,975905,123713871,0.0018,563.2,41505768,32574221,8931547,547465,61.11,2,3,2,3,2,4
2021-04-16,4387785,2756,127311,34,0.9,669883,124383754,0.003,328.9,42140989,32709778,9431211,635221,61.11,2,3,2,3,2,4
2021-04-17,4389991,2206,127346,35,0.91,479644,124863398,0.003,336.4,42780069,32849223,9930846,639080,61.11,2,3,2,3,2,4
2021-04-18,4391873,1882,127356,10,0.93,1671473,126534871,0.0028,359.3,43084487,32932448,10152039,304418,61.11,2,3,2,3,2,4
2021-04-19,4394836,2963,127360,4,0.95,1027594,127562465,0.0026,380.6,43457910,33032120,10425790,373423,61.11,2,3,2,3,2,4
2021-04-20,4397360,2524,127393,33,0.94,729299,128291764,0.0026,383,43915559,33139742,10775817,457649,61.11,0,3,1,2,2,4
2021-04-21,4399758,2398,127413,20,0.93,1355479,129647243,0.0025,397.1,44450252,33257651,11192601,534693,61.11,0,3,1,2,2,4
2021-04-22,4402486,2728,127431,18,0.92,1079832,130727075,0.0025,401.7,45012308,33388637,11623671,562056,61.11,0,3,1,2,2,4
2021-04-23,4405220,2734,127471,40,0.92,697709,131424784,0.0025,403.8,45613109,33524423,12088686,600801,61.11,0,3,1,2,2,4
2021-04-24,4407281,2061,127503,32,0.91,477317,131902101,0.0025,407.1,46309512,33673190,12636322,696403,61.11,0,3,1,2,2,4
2021-04-25,4408993,1712,127514,11,0.91,1453379,133355480,0.0025,398.4,46650008,33752885,12897123,340496,61.11,0,3,1,2,2,4
2021-04-26,4411057,2064,127520,6,0.91,1011144,134366624,0.0024,419.5,47045391,33843580,13201811,395383,61.11,0,3,1,2,2,4
2021-04-27,4413742,2685,127537,17,0.93,710935,135077559,0.0024,414.2,47540984,33959908,13581076,495593,61.11,0,3,1,2,2,4
2021-04-28,4415852,2110,127566,29,0.91,1335119,136412678,0.0024,420.4,48138009,34094048,14043961,597025,61.11,0,3,1,2,2,4
2021-04-29,4418297,2445,127588,22,0.9,1058919,137471597,0.0023,426.6,48752144,34216616,14535528,614135,61.11,0,3,1,2,2,4
2021-04-30,4420678,2381,127603,15,0.9,648075,138119672,0.0023,433.1,49319518,34362205,14957313,567374,61.11,0,3,1,2,2,4
2021-05-01,4422585,1907,127610,7,0.9,468565,138588237,0.0023,436.9,49834997,34505380,15329617,515479,61.11,0,3,1,2,2,4
2021-05-02,4424256,1671,127624,14,0.9,814999,139403236,0.0025,396.2,50097812,34595304,15502508,262815,61.11,0,3,1,2,2,4
2021-05-03,4425905,1649,127625,1,0.91,1055773,140459009,0.0024,410.3,50297911,34667904,15630007,200099,59.72,0,3,1,2,2,4
2021-05-04,4427852,1947,127629,4,0.93,846002,141305011,0.0023,441.4,50682567,34795074,15887493,384656,59.72,0,3,1,2,2,4
2021-05-05,4429996,2144,127656,27,0.96,1198341,142503352,0.0023,430.6,51225890,34934171,16291719,543323,59.72,0,3,1,2,2,4
2021-05-06,4432609,2613,127669,13,0.98,1068221,143571573,0.0023,426.2,51834361,35069641,16764720,608471,59.72,0,3,1,2,2,4
2021-05-07,4435099,2490,127684,15,1,694728,144266301,0.0023,426.2,52433184,35202642,17230542,598823,59.72,0,3,1,2,2,4
2021-05-08,4437146,2047,127689,5,1.01,475922,144742223,0.0024,422.6,53041048,35371669,17669379,607864,59.72,0,3,1,2,2,4
2021-05-09,4438916,1770,127691,2,1.02,1306781,146049004,0.0022,453.3,53328845,35472295,17856550,287797,59.72,0,3,1,2,2,4
2021-05-10,4441274,2358,127695,4,1.04,946584,146995588,0.0024,425.3,53675733,35587348,18088385,346888,59.72,0,3,1,2,2,4
2021-05-11,4443748,2474,127715,20,1.04,698606,147694194,0.0025,401.9,54160993,35722461,18438532,485260,59.72,0,3,1,2,2,4
2021-05-12,4446032,2284,127726,11,1.02,1167164,148861358,0.0025,396.5,54797640,35906671,18890969,636647,59.72,0,3,1,2,2,4
2021-05-13,4448688,2656,127737,11,1.01,984178,149845536,0.0026,390.2,55434965,36115955,19319010,637325,59.72,0,3,1,2,2,4
2021-05-14,4450881,2193,127754,17,1,660832,150506368,0.0025,395.4,56048435,36336023,19712412,613470,59.72,0,3,1,2,2,4
2021-05-15,4452908,2027,127761,7,1.01,447334,150953702,0.0025,394.1,56677012,36573354,20103658,628577,59.72,0,3,1,2,2,4
2021-05-16,4454834,1926,127765,4,1.03,1073594,152027296,0.0027,375.6,56992075,36704672,20287403,315063,59.72,0,3,1,2,2,4
2021-05-17,4456815,1981,127770,5,1.05,984916,153012212,0.0026,387.1,57357857,36811405,20546452,365782,62.5,0,3,1,2,2,4
2021-05-18,4454451,-2364,127777,7,1.09,720751,153732963,0.0018,564.2,57855958,36985505,20870453,498101,62.5,0,3,1,2,2,4
2021-05-19,4456586,2135,127780,3,1.12,1163667,154896630,0.0017,571.8,58489834,37250363,21239471,633876,62.5,0,3,1,2,2,4
2021-05-20,4459280,2694,127787,7,1.15,994665,155891295,0.0018,570.8,59178397,37518614,21659783,688563,62.5,0,3,1,2,2,4
2021-05-21,4461982,2702,127796,9,1.18,699205,156590500,0.0018,548.1,59824737,37738271,22086466,646340,62.5,0,3,1,2,2,4
2021-05-22,4464505,2523,127802,6,1.19,484377,157074877,0.0019,527.8,60587098,37943681,22643417,762361,62.5,0,3,1,2,2,4
2021-05-23,4466597,2092,127807,5,1.19,1152832,158227709,0.0019,527.1,60965594,38070038,22895556,378496,62.5,0,3,1,2,2,4
2021-05-24,4468965,2368,127810,3,1.21,932840,159160549,0.002,506,61420928,38192417,23228511,455334,62.5,0,3,1,2,2,4
2021-05-25,4471375,2410,127825,15,1.23,727488,159888037,0.0027,363.7,61995062,38378564,23616498,574134,62.5,0,3,1,2,2,4
2021-05-26,4474362,2987,127834,9,1.25,1107820,160995857,0.0029,343.1,62658639,38614683,24043956,663577,62.5,0,3,1,2,2,4
2021-05-27,4477742,3380,127844,10,1.28,956938,161952795,0.003,328.3,63349252,38871200,24478052,690613,62.5,0,3,1,2,2,4
2021-05-28,4481770,4028,127854,10,1.3,653937,162606732,0.0033,304,63989645,39075642,24914003,640393,62.5,0,3,1,2,2,4
2021-05-29,4485010,3240,127861,7,1.3,465132,163071864,0.0034,292.5,64592019,39259168,25332851,602374,62.5,0,3,1,2,2,4
2021-05-30,4488121,3111,127867,6,1.31,604176,163676040,0.004,253.1,64923228,39384055,25539173,331209,62.5,0,3,1,2,2,4
2021-05-31,4491405,3284,127868,1,1.31,585399,164261439,0.0044,227.3,65211877,39477158,25734719,288649,62.5,0,3,1,2,2,4
2021-06-01,4494504,3099,127868,0,1.33,653488,164914927,0.0046,217.3,65658949,39585665,26073284,447072,62.5,0,3,1,2,2,4
2021-06-02,4498765,4261,127880,12,1.37,836896,165751823,0.0051,194.9,66180731,39758428,26422303,521782,62.5,0,3,1,2,2,4
2021-06-03,4503944,5179,127898,18,1.42,805145,166556968,0.0057,175.7,66749638,39949694,26799944,568907,62.5,0,3,1,2,2,4
2021-06-04,4510084,6140,127909,11,1.45,650489,167207457,0.0062,162.5,67317593,40129618,27187975,567955,62.5,0,3,1,2,2,4
2021-06-05,4515735,5651,127922,13,1.46,468664,167676121,0.0067,149.9,67994584,40333231,27661353,676991,51.39,0,3,1,2,2,4
2021-06-06,4520958,5223,127926,4,1.44,1225254,168901375,0.0063,159.1,68381870,40460576,27921294,387286,51.39,0,3,1,2,2,4
2021-06-07,4526552,5594,127927,1,1.43,915404,169816779,0.0063,158.1,68800879,40573517,28227362,419009,51.39,0,3,1,2,2,4
2021-06-08,4532518,5966,127940,13,1.42,715651,170532430,0.0068,147.8,69251163,40710319,28540844,450284,51.39,0,3,1,2,2,4
2021-06-09,4539837,7319,127946,6,1.4,1064379,171596809,0.007,142.3,69743980,40886878,28857102,492817,51.39,0,3,1,2,2,4
2021-06-10,4547074,7237,127953,7,1.38,963851,172560660,0.0072,139.2,70253625,41088485,29165140,509645,51.39,0,3,1,2,2,4
2021-06-11,4555032,7958,127970,17,1.37,726823,173287483,0.0074,135.3,70769348,41297016,29472332,515723,51.39,0,3,1,2,2,4
2021-06-12,4562582,7550,127982,12,1.36,516614,173804097,0.0076,130.8,71343859,41551201,29792658,574511,51.39,0,3,1,2,2,4
2021-06-13,4569912,7330,127990,8,1.36,1039248,174843345,0.0082,121.4,71672208,41698429,29973779,328349,51.39,0,3,1,2,1,4
2021-06-14,4577531,7619,127993,3,1.34,922479,175765824,0.0086,116.7,72040763,41831056,30209707,368555,51.39,0,3,1,2,1,4
2021-06-15,4585118,7587,128003,10,1.33,767007,176532831,0.0088,114.1,72461462,42021089,30440373,420699,51.39,0,3,1,2,1,4
2021-06-16,4593926,8808,128012,9,1.33,1088510,177621341,0.009,111.4,72891861,42216654,30675207,430399,51.39,0,3,1,2,1,4
2021-06-17,4604747,10821,128031,19,1.34,1052465,178673806,0.0094,106,73359099,42460632,30898467,467238,51.39,0,3,1,2,1,4
2021-06-18,4615019,10272,128042,11,1.34,773453,179447259,0.0097,102.7,73787916,42683772,31104144,428817,51.39,0,3,1,2,1,4
2021-06-19,4625094,10075,128056,14,1.35,572689,180019948,0.0101,99.4,74304520,42964013,31340507,516604,51.39,0,3,1,2,1,4
2021-06-20,4634168,9074,128062,6,1.36,1133404,181153352,0.0102,98.2,74577678,43127763,31449915,273158,51.39,0,3,1,2,1,4
2021-06-21,4644635,10467,128067,5,1.39,1011813,182165165,0.0105,95.4,74638083,43148843,31489240,60405,51.39,0,3,1,2,1,4
2021-06-22,4656138,11503,128094,27,1.43,812194,182977359,0.011,90.7,75188795,43448680,31740115,550712,51.39,0,3,1,2,1,4
2021-06-23,4672020,15882,128113,19,1.46,1146154,184123513,0.012,83.3,75564430,43656327,31908103,375635,51.39,0,3,1,2,1,4
2021-06-24,4688722,16702,128134,21,1.47,1069771,185193284,0.0129,77.6,75963777,43877861,32085916,399347,51.39,0,3,1,2,1,4
2021-06-25,4704086,15364,128152,18,1.47,836676,186029960,0.0135,73.9,76341044,44080358,32260686,377267,51.39,0,3,1,2,1,4
2021-06-26,4722030,17944,128175,23,1.49,605532,186635492,0.0147,68.2,76774990,44314799,32460191,433946,51.39,0,3,1,2,1,4
2021-06-27,4736654,14624,128186,11,1.5,1201783,187837275,0.0153,65.2,77038257,44454511,32583746,263267,51.39,0,3,1,2,1,4
2021-06-28,4759371,22717,128189,3,1.53,1079253,188916528,0.017,58.8,77303533,44581771,32721762,265276,51.39,0,3,1,2,1,4
2021-06-29,4779623,20252,128212,23,1.51,868932,189785460,0.0181,55.1,77592212,44719762,32872450,288679,51.39,0,3,1,2,1,4
2021-06-30,4805290,25667,128226,14,1.5,1230901,191016361,0.0193,51.7,77909177,44860978,33048199,316965,51.39,0,3,1,2,1,4
2021-07-01,4832911,27621,128248,22,1.47,1123796,192140157,0.0208,48.2,78254768,45013503,33241265,345591,51.39,0,3,1,2,1,4
2021-07-02,4859684,26773,128275,27,1.43,856387,192996544,0.0223,44.8,78555851,45137108,33418743,301083,51.39,0,3,1,2,1,4
2021-07-03,4884131,24447,128293,18,1.39,639335,193635879,0.0232,43.2,78889449,45274497,33614952,333598,51.39,0,3,1,2,1,4
2021-07-04,4907955,23824,128308,15,1.38,1256153,194892032,0.0243,41.2,79078081,45351719,33726362,188632,51.39,0,3,1,2,1,4
2021-07-05,4935055,27100,128317,9,1.36,1144619,196036651,0.0247,40.5,79302857,45428681,33874176,224776,51.39,0,3,1,2,1,4
2021-07-06,4963666,28611,128354,37,1.35,953515,196990166,0.0255,39.1,79541794,45514492,34027302,238937,51.39,0,3,1,2,1,4
2021-07-07,4995714,32048,128387,33,1.33,1215394,198205560,0.0265,37.8,79800224,45601445,34198779,258430,51.39,0,3,1,2,1,4
2021-07-08,5027794,32080,128422,35,1.31,1110430,199315990,0.0272,36.8,80072121,45697875,34374246,271897,51.39,0,3,1,2,1,4
2021-07-09,5063298,35504,128451,29,1.31,894194,200210184,0.0282,35.4,80341023,45787958,34553065,268902,51.39,0,3,1,2,1,4
2021-07-10,5095098,31800,128485,34,1.3,723787,200933971,0.0289,34.6,80646232,45881721,34764511,305209,51.39,0,3,1,2,1,4
2021-07-11,5126450,31352,128511,26,1.31,1100098,202034069,0.0306,32.7,80795852,45923721,34872131,149620,51.39,0,3,1,2,1,4
2021-07-12,5160905,34455,128517,6,1.31,1056200,203090269,0.032,31.2,80975508,45978017,34997491,179656,51.39,0,3,1,2,1,4
2021-07-13,5197348,36443,128567,50,1.32,920638,204010907,0.0333,30,81192857,46037090,35155767,217349,51.39,0,3,1,2,1,4
2021-07-14,5239308,41960,128616,49,1.32,1190876,205201783,0.0348,28.7,81438892,46097464,35341428,246035,51.39,0,3,1,2,1,4
2021-07-15,5287481,48173,128679,63,1.33,1198172,206399955,0.0367,27.3,81702466,46159145,35543321,263574,51.39,0,3,1,2,1,4
2021-07-16,5338966,51485,128728,49,1.32,961486,207361441,0.0385,25.9,81974271,46228636,35745635,271805,51.39,0,3,1,2,1,4
2021-07-17,5392946,53980,128769,41,1.3,771092,208132533,0.0414,24.2,82266702,46295853,35970849,292431,51.39,0,3,1,2,1,4
2021-07-18,5440545,47599,128794,25,1.24,1028712,209161245,0.0441,22.7,82413766,46314039,36099727,147064,51.39,0,3,1,2,1,4
2021-07-19,5480939,40394,128813,19,1.17,1094938,210256183,0.0447,22.4,82592996,46349709,36243287,179230,43.98,0,3,1,2,1,4
2021-07-20,5527368,46429,128909,96,1.11,876635,211132818,0.0463,21.6,82793310,46388744,36404566,200314,43.98,0,3,1,2,1,4
2021-07-21,5570991,43623,128982,73,1.03,1025055,212157873,0.0477,21,83021749,46433845,36587904,228439,43.98,0,3,1,2,1,4
2021-07-22,5610561,39570,129066,84,0.95,1052581,213210454,0.0474,21.1,83254082,46477881,36776201,232333,43.98,0,3,1,2,1,4
2021-07-23,5646402,35841,129130,64,0.9,895907,214106361,0.0456,21.9,83486397,46520855,36965542,232315,43.98,0,3,1,2,1,4
2021-07-24,5677693,31291,129216,86,0.86,744947,214851308,0.0424,23.6,83734088,46564660,37169428,247691,43.98,0,3,1,2,1,4
2021-07-25,5706349,28656,129244,28,0.84,778717,215630025,0.0411,24.3,83876595,46589211,37287384,142507,43.98,0,3,1,2,1,4
2021-07-26,5731090,24741,129258,14,0.81,805452,216435477,0.0405,24.7,84055550,46619230,37436320,178955,43.98,0,3,1,2,1,4
2021-07-27,5754452,23362,129389,131,0.8,783556,217219033,0.0373,26.8,84242602,46654632,37587970,187052,43.98,0,3,1,2,1,4
2021-07-28,5779964,25512,129516,127,0.79,897977,218117010,0.0351,28.5,84457622,46698479,37759143,215020,43.98,0,3,1,2,1,4
2021-07-29,5810688,30724,129601,85,0.81,876004,218993014,0.0346,28.9,84679893,46740832,37939061,222271,43.98,0,3,1,2,1,4
2021-07-30,5839982,29294,129669,68,0.82,825325,219818339,0.0339,29.5,84887713,46777556,38110157,207820,43.98,0,3,1,2,1,4
2021-07-31,5865742,25760,129741,72,0.84,663583,220481922,0.0334,29.9,85138553,46816382,38322171,250840,43.98,0,3,1,2,1,4
2021-08-01,5889883,24141,129806,65,0.85,658487,221140409,0.0333,30,85277829,46837614,38440215,139276,43.98,0,3,1,2,1,4
2021-08-02,5911570,21687,129830,24,0.87,715214,221855623,0.0333,30,85430113,46863706,38566407,152284,43.98,0,3,1,2,1,4
2021-08-03,5933263,21693,129970,140,0.89,738353,222593976,0.0333,30.1,85602164,46892996,38709168,172051,43.98,0,3,1,2,1,4
2021-08-04,5962263,29000,130090,120,0.92,835467,223429443,0.0343,29.1,85801167,46926330,38874837,199003,43.98,0,3,1,2,1,4
2021-08-05,5992136,29873,130177,87,0.94,823559,224253002,0.0345,29,86009359,46961830,39047529,208192,43.98,0,3,1,2,1,4
2021-08-06,6023618,31482,130269,92,0.96,779299,225032301,0.0352,28.4,86214691,46998806,39215885,205332,43.98,0,3,1,2,1,4
2021-08-07,6051851,28233,130372,103,0.98,648549,225680850,0.0358,27.9,86466264,47036796,39429468,251573,43.98,0,3,1,2,1,4
2021-08-08,6078968,27117,130411,39,0.98,676610,226357460,0.0362,27.6,86611177,47059639,39551538,144913,43.98,0,3,1,2,1,4
2021-08-09,6103930,24962,130448,37,0.98,716001,227073461,0.0369,27.1,86780455,47091889,39688566,169278,43.98,0,3,1,2,1,4
2021-08-10,6127269,23339,130594,146,0.99,738776,227812237,0.0372,26.9,86969109,47129400,39839709,188654,43.98,0,3,1,2,1,4
2021-08-11,6156558,29289,130698,104,1,828050,228640287,0.0373,26.8,87184438,47170968,40013470,215329,43.98,0,3,1,2,1,4
2021-08-12,6189321,32763,130793,95,1.02,832177,229472464,0.0378,26.5,87421381,47215352,40206029,236943,43.98,0,3,1,2,1,4
2021-08-13,6221747,32426,130893,100,1.03,811549,230284013,0.0377,26.5,87633456,47255842,40377614,212075,43.98,0,3,1,2,1,4
2021-08-14,6250900,29153,130986,93,1.04,643282,230927295,0.0379,26.4,87879643,47302445,40577198,246187,43.98,0,3,1,2,1,4
2021-08-15,6277340,26440,131045,59,1.04,661103,231588398,0.0379,26.4,88037283,47333702,40703581,157640,43.98,0,3,1,2,1,4
2021-08-16,6305618,28278,131071,26,1.05,690339,232278737,0.0387,25.8,88211389,47369418,40841971,174106,43.98,0,3,1,2,1,4
2021-08-17,6332246,26628,131241,170,1.06,717862,232996599,0.0395,25.3,88401088,47413242,40987846,189699,43.98,0,3,1,2,1,4
2021-08-18,6365892,33646,131352,111,1.08,813360,233809959,0.0405,24.7,88617595,47460526,41157069,216507,43.98,0,3,1,2,1,4
2021-08-19,6402313,36421,131466,114,1.09,838631,234648590,0.0411,24.3,88848633,47516505,41332128,231038,43.98,0,3,1,2,1,4
2021-08-20,6439351,37038,131580,114,1.09,747957,235396547,0.0426,23.5,89076910,47577390,41499520,228277,43.98,0,3,1,2,1,4
2021-08-21,6471134,31783,131684,104,1.09,642672,236039219,0.0431,23.2,89344797,47650396,41694401,267887,43.98,0,3,1,2,1,4
2021-08-22,6503110,31976,131733,49,1.08,668066,236707285,0.0441,22.7,89501494,47690741,41810753,156697,43.98,0,3,1,2,1,4
2021-08-23,6534908,31798,131774,41,1.08,724207,237431492,0.0445,22.5,89679178,47737142,41942036,177684,43.98,0,3,1,2,1,4
2021-08-24,6565561,30653,131948,174,1.07,737876,238169368,0.0451,22.2,89865264,47792552,42072712,186086,43.98,0,3,1,2,1,4
2021-08-25,6601145,35584,132097,149,1.06,912027,239081395,0.0446,22.4,90095045,47860628,42234417,229781,43.98,0,3,1,2,1,4
2021-08-26,6639147,38002,132238,141,1.06,974138,240055533,0.0438,22.8,90295121,47915768,42379353,200076,43.98,0,3,1,2,1,4
2021-08-27,6676885,37738,132338,100,1.05,880487,240936020,0.0429,23.3,90471514,47960705,42510809,176393,43.98,0,3,1,2,1,4
2021-08-28,6708972,32087,132471,133,1.04,710333,241646353,0.0424,23.6,90648473,48003976,42644497,176959,43.98,0,3,1,2,1,4
2021-08-29,6741909,32937,132532,61,1.03,693955,242340308,0.0424,23.6,90752303,48028366,42723937,103830,43.98,0,3,1,2,1,4
2021-08-30,6768136,26227,132580,48,1.02,658008,242998316,0.0419,23.9,90838594,48048009,42790585,86291,43.98,0,3,1,2,1,4
2021-08-31,6800189,32053,132630,50,1.04,911533,243909849,0.0409,24.5,90997895,48087908,42909987,159301,43.98,0,3,1,2,1,4
2021-09-01,6835723,35534,132837,207,1.05,1018868,244928717,0.0401,24.9,91155368,48131996,43023372,157473,43.98,0,3,1,2,1,4
2021-09-02,6873593,37870,133015,178,1.07,1187201,246115918,0.0387,25.8,91314745,48171998,43142747,159377,43.98,0,3,1,2,1,4
2021-09-03,6915707,42114,133136,121,1.09,1179901,247295819,0.0376,26.6,91460601,48207264,43253337,145856,43.98,0,3,1,2,1,4
2021-09-04,6952349,36642,133256,120,1.09,745979,248041798,0.0381,26.3,91630208,48248318,43381890,169607,43.98,0,3,1,2,1,4
2021-09-05,6988864,36515,133324,68,1.09,1031653,249073451,0.0367,27.3,91725196,48270113,43455083,94988,43.98,0,3,1,2,1,4
2021-09-06,7029802,40938,133369,45,1.08,1335485,250408936,0.0353,28.3,91827909,48292811,43535098,102713,43.98,0,3,1,2,1,4
2021-09-07,7067027,37225,133578,209,1.05,1143885,251552821,0.0349,28.6,91940381,48319435,43620946,112472,43.98,0,3,1,2,1,4
2021-09-08,7105537,38510,133769,191,1.01,1240386,252793207,0.0343,29.1,92053472,48344566,43708906,113091,43.98,0,3,1,2,1,4
2021-09-09,7143058,37521,133936,167,0.98,1248986,254042193,0.034,29.4,92175948,48370340,43805608,122476,43.98,0,3,1,2,1,4
2021-09-10,7179835,36777,134083,147,0.95,1066293,255108486,0.0338,29.6,92293823,48396404,43897419,117875,41.2,0,3,1,2,1,4
2021-09-11,7208691,28856,134239,156,0.92,732957,255841443,0.0329,30.4,92419795,48424317,43995478,125972,41.2,0,3,1,2,1,4
2021-09-12,7237305,28614,134295,56,0.91,1067411,256908854,0.0317,31.5,92487365,48439272,44048093,67570,41.2,0,3,1,2,1,4
2021-09-13,7267690,30385,134357,62,0.9,1028298,257937152,0.0316,31.6,92567446,48458700,44108746,80081,41.2,0,3,1,2,1,4
2021-09-14,7293978,26288,134542,185,0.89,880294,258817446,0.0312,32,92651816,48476345,44175471,84370,41.2,0,3,1,2,1,4
2021-09-15,7323857,29879,134743,201,0.89,1063453,259880899,0.0308,32.5,92739508,48500747,44238761,87692,41.2,0,3,1,2,1,4
2021-09-16,7350232,26375,134901,158,0.9,1079738,260960637,0.0299,33.4,92826532,48523798,44302734,87024,41.2,0,3,1,2,1,4
2021-09-17,7382570,32338,135080,179,0.94,903071,261863708,0.03,33.3,92907694,48544576,44363118,81162,41.2,0,3,1,2,1,4
2021-09-18,7412008,29438,135244,164,0.97,691323,262555031,0.0303,33,93006389,48570774,44435615,98695,41.2,0,3,1,2,1,3
2021-09-19,7441015,29007,135300,56,1,1116116,263671147,0.0301,33.2,93055386,48584614,44470772,48997,41.2,0,3,1,2,1,3
2021-09-20,7476783,35768,135349,49,1.02,985855,264657002,0.0311,32.1,93121878,48604764,44517114,66492,41.2,0,3,1,2,1,3
2021-09-21,7507911,31128,135552,203,1.02,880088,265537090,0.0318,31.4,93185668,48625148,44560520,63790,41.2,0,3,1,2,1,3
2021-09-22,7541496,33585,135718,166,1.03,958930,266496020,0.0329,30.4,93252394,48647827,44604567,66726,41.2,0,3,1,2,1,3
2021-09-23,7577294,35798,135900,182,1.03,1055127,267551147,0.0345,29,93322065,48672910,44649155,69671,41.2,0,3,1,2,1,3
2021-09-24,7612953,35659,136080,180,1.03,884770,268435917,0.0351,28.5,93394441,48700527,44693914,72376,41.2,0,3,1,2,1,3
2021-09-25,7642699,29746,136202,122,1.04,767239,269203156,0.0347,28.8,93465855,48724823,44741032,71414,41.2,0,3,1,2,1,3
2021-09-26,7675696,32997,136265,63,1.05,1106362,270309518,0.0354,28.3,93507378,48740807,44766571,41523,41.2,0,3,1,2,1,3
2021-09-27,7713206,37510,136305,40,1.05,997722,271307240,0.0356,28.1,93565474,48765726,44799748,58096,41.2,0,3,1,2,1,3
2021-09-28,7747810,34604,136472,167,1.04,869689,272176929,0.0361,27.7,93630859,48797579,44833280,65385,41.2,0,3,1,2,1,3
2021-09-29,7782899,35089,136622,150,1.02,1109355,273286284,0.0356,28.1,93696491,48829118,44867373,65632,41.2,0,3,1,2,1,3
2021-09-30,7818672,35773,136759,137,1.01,1074460,274360744,0.0354,28.2,94633524,48863490,44901832,937033,41.2,0,3,1,2,1,3
2021-10-01,7853282,34610,136886,127,1.01,879047,275239791,0.0353,28.3,94859905,48901670,44936121,226381,41.2,0,3,1,2,1,3
2021-10-02,7882671,29389,137007,121,1,720871,275960662,0.0355,28.2,95119823,48932736,44970512,259918,41.2,0,3,1,2,1,3
2021-10-03,7912337,29666,137050,43,1.01,1007503,276968165,0.0355,28.1,95254996,48956859,44992044,135173,41.2,0,3,1,2,1,3
2021-10-04,7946643,34306,137083,33,1.03,940981,277909146,0.0354,28.3,95445881,48994530,45021381,190885,41.2,0,3,1,2,1,3
2021-10-05,7979722,33079,137249,166,1.04,856353,278765499,0.0352,28.4,95671900,49035877,45049953,226019,41.2,0,3,1,2,1,3
2021-10-06,8018435,38713,137394,145,1.06,1053450,279818949,0.0361,27.7,95895401,49068705,45078529,223501,41.2,0,3,1,2,1,3
2021-10-07,8058202,39767,137516,122,1.07,989084,280808033,0.0372,26.9,96134715,49101734,45107185,239314,41.2,0,3,1,2,1,3
2021-10-08,8093143,34941,137641,125,1.07,903466,281711499,0.0371,27,96369396,49133419,45136253,234681,41.2,0,3,1,2,1,3
2021-10-09,8132556,39413,137797,156,1.09,696537,282408036,0.0388,25.8,96685077,49164814,45169730,315681,41.2,0,3,1,2,1,3
2021-10-10,8166149,33593,137835,38,1.09,968269,283376305,0.0396,25.2,96820110,49186920,45189181,135033,41.2,0,3,1,2,1,3
2021-10-11,8205737,39588,137863,28,1.09,936288,284312593,0.0405,24.7,96997450,49216092,45212813,177340,41.2,0,3,1,2,1,3
2021-10-12,8243454,37717,138044,181,1.1,873498,285186091,0.0411,24.3,97224561,49252939,45239759,227111,41.2,0,3,1,2,1,3
2021-10-13,8284955,41501,138180,136,1.11,845156,286031247,0.0429,23.3,97754591,49291665,45269240,530030,41.2,0,3,1,2,1,3
2021-10-14,8329574,44619,138337,157,1.12,1212255,287243502,0.0422,23.7,98065088,49335154,45297231,310497,41.2,0,3,1,2,1,3
2021-10-15,8373825,44251,138479,142,1.13,894379,288137881,0.0437,22.9,98356171,49375917,45326663,291083,41.2,0,3,1,2,1,3
2021-10-16,8416643,42818,138627,148,1.14,729041,288866922,0.044,22.7,98724853,49404916,45360146,368682,41.2,0,3,1,2,1,3
2021-10-17,8461339,44696,138684,57,1.14,980528,289847450,0.0456,21.9,98877987,49422753,45377411,153134,41.2,0,3,1,2,1,3
2021-10-18,8510194,48855,138729,45,1.13,911494,290758944,0.0472,21.2,99119443,49462425,45400990,241456,46.76,0,3,1,2,1,3
2021-10-19,8553605,43411,138952,223,1.11,877223,291636167,0.0481,20.8,99427187,49505327,45433757,307744,46.76,0,3,1,2,1,3
2021-10-20,8602204,48599,139131,179,1.1,1087655,292723822,0.0474,21.1,99759726,49554407,45460122,332539,46.76,0,3,1,2,1,3
2021-10-21,8653752,51548,139248,117,1.08,1036233,293760055,0.0497,20.1,100447478,49603139,45486950,687752,46.76,0,3,1,2,1,3
2021-10-22,8702543,48791,139428,180,1.06,898856,294658911,0.0504,19.8,100818583,49649389,45513120,371105,46.76,0,3,1,2,1,3
2021-10-23,8747528,44985,139563,135,1.03,696067,295354978,0.051,19.6,101259347,49689481,45543363,440764,46.76,0,3,1,2,1,3
2021-10-24,8786268,38740,139635,72,1,774363,296129341,0.0517,19.3,101473681,49715228,45561445,214334,46.76,0,3,1,2,1,3
2021-10-25,8822551,36283,139673,38,0.98,815980,296945321,0.0505,19.8,101777928,49753037,45582891,304247,46.76,0,3,1,2,1,3
2021-10-26,8866054,43503,139936,263,0.97,797047,297742368,0.0512,19.5,102106510,49794120,45605922,328582,46.76,0,3,1,2,2,3
2021-10-27,8910054,44000,140143,207,0.96,885925,298628293,0.0521,19.2,102461683,49838202,45627499,355173,46.76,0,3,1,2,2,3
2021-10-28,8949145,39091,140309,166,0.95,871263,299499556,0.0515,19.4,102827764,49882904,45651222,366081,46.76,0,3,1,2,2,3
2021-10-29,8992306,43161,140495,186,0.96,817785,300317341,0.0512,19.5,103176238,49923871,45673501,348474,46.76,0,3,1,2,2,3
2021-10-30,9033032,40726,140661,166,0.96,656870,300974211,0.0508,19.7,103610105,49959923,45698902,433867,46.76,0,3,1,2,2,3
2021-10-31,9070699,37667,140735,74,0.95,936524,301910735,0.0492,20.3,103814905,49987325,45712351,204800,46.76,0,3,1,2,2,3
2021-11-01,9110634,39935,140775,40,0.93,894998,302805733,0.0492,20.3,104112757,50025020,45731565,297852,46.76,0,3,1,2,2,3
2021-11-02,9144249,33615,141067,292,0.91,853201,303658934,0.047,21.3,104477012,50071683,45752487,364255,46.76,0,3,1,2,2,3
2021-11-03,9185052,40803,141284,217,0.91,986856,304645790,0.0457,21.9,104896053,50112925,45770452,419041,46.76,0,3,1,2,2,3
2021-11-04,9221790,36738,141498,214,0.89,925156,305570946,0.0449,22.3,105294664,50156656,45790934,398611,46.76,0,3,1,2,2,3
2021-11-05,9255600,33810,141691,193,0.89,811326,306382272,0.0434,23,105683491,50200147,45813567,388827,46.76,0,3,1,2,2,3
2021-11-06,9285750,30150,141846,155,0.9,636819,307019091,0.0418,23.9,106167621,50236895,45838067,484130,46.76,0,3,1,2,2,3
2021-11-07,9315593,29843,141908,62,0.91,855333,307874424,0.0411,24.4,106417956,50262735,45852677,250335,46.76,0,3,1,2,2,3
2021-11-08,9347859,32266,141965,57,0.93,910070,308784494,0.0397,25.2,106749454,50296294,45873038,331498,46.76,0,3,1,2,2,3
2021-11-09,9380644,32785,142227,262,0.96,839747,309624241,0.0396,25.2,107150783,50336130,45894237,401329,46.76,0,3,1,2,2,3
2021-11-10,9420191,39547,142441,214,0.99,1013149,310637390,0.0392,25.5,107849975,50455318,45942003,699192,46.76,0,3,1,2,2,3
2021-11-11,9462781,42590,142636,195,1.02,987469,311624859,0.0398,25.1,108279832,50491701,45964488,429857,46.76,0,3,1,2,2,3
2021-11-12,9501821,39040,142781,145,1.03,816086,312440945,0.0406,24.6,108693992,50526039,45986536,414160,46.76,0,3,1,2,2,3
2021-11-13,9539490,37669,142938,157,1.04,652264,313093209,0.0418,23.9,109213829,50559566,46010861,519837,46.76,0,3,1,2,2,3
2021-11-14,9575618,36128,143001,63,1.05,903764,313996973,0.0425,23.5,109471164,50582504,46027909,257335,46.76,0,3,1,2,2,3
2021-11-15,9615414,39796,143048,47,1.05,906116,314903089,0.0437,22.9,109807847,50614550,46045964,336683,46.76,0,3,1,2,2,3
2021-11-16,9652370,36956,143262,214,1.04,797190,315700279,0.0447,22.4,110206709,50645981,46065838,398862,46.76,0,3,1,2,2,3
2021-11-17,9690443,38073,143463,201,1.05,1093694,316793973,0.0439,22.8,110646342,50679073,46087958,439633,46.76,0,3,1,2,2,3
2021-11-18,9737434,46991,143662,199,1.07,980273,317774246,0.0447,22.4,111082929,50707953,46108608,436587,46.76,0,3,1,2,2,3
2021-11-19,9781845,44411,143819,157,1.08,851680,318625926,0.0453,22.1,111495504,50735037,46130215,412575,46.76,0,3,1,2,2,3
2021-11-20,9821726,39881,143969,150,1.09,708471,319334397,0.0452,22.1,112008774,50761050,46154408,513270,46.76,0,3,1,2,2,3
2021-11-21,9861184,39458,144030,61,1.08,1047365,320381762,0.0447,22.4,112277085,50777474,46168300,268311,46.76,0,3,1,2,2,3
2021-11-22,9906205,45021,144075,45,1.07,968824,321350586,0.0451,22.2,112627026,50800732,46186817,349941,46.76,0,3,1,2,2,3
2021-11-23,9949037,42832,144240,165,1.06,931409,322281995,0.0451,22.2,113041002,50827554,46208819,413976,46.76,0,3,1,2,2,3
2021-11-24,9991658,42621,144389,149,1.05,1076453,323358448,0.0459,21.8,113467966,50852133,46232258,426964,46.76,0,3,1,2,2,3
2021-11-25,10038613,46955,144536,147,1.05,1061365,324419813,0.0453,22.1,113910449,50875712,46255081,442483,46.76,0,3,1,2,2,3
2021-11-26,10088167,49554,144696,160,1.06,867896,325287709,0.046,21.7,114321190,50896026,46278746,410741,46.76,0,3,1,2,2,3
2021-11-27,10127734,39567,144827,131,1.05,709394,325997103,0.0459,21.8,114842975,50919834,46311612,521785,46.76,0,3,1,2,2,3
2021-11-28,10164241,36507,144878,51,1.04,993692,326990795,0.0459,21.8,115179248,50941327,46341057,336273,46.76,0,3,1,2,2,3
2021-11-29,10206943,42702,144913,35,1.03,998859,327989654,0.0453,22.1,115546402,50963718,46367149,367154,46.76,0,3,1,2,2,3
2021-11-30,10246954,40011,145073,160,1.04,995010,328984664,0.0444,22.5,116001687,50994257,46399306,455285,46.76,0,3,1,2,2,3
2021-12-01,10294408,47454,145244,171,1.06,1184269,330168933,0.0445,22.5,116467922,51020285,46431662,466235,46.76,0,3,1,2,2,3
2021-12-02,10347730,53322,145385,141,1.07,1156427,331325360,0.0448,22.3,116945656,51046133,46462638,477734,46.76,0,3,1,2,2,3
2021-12-03,10398540,50810,145528,143,1.08,1036572,332361932,0.0439,22.8,117387709,51069397,46492449,442053,46.76,0,3,1,2,2,3
2021-12-04,10439997,41457,145655,127,1.09,848128,333210060,0.0433,23.1,117917037,51096311,46530247,529328,46.76,0,3,1,2,2,3
2021-12-05,10483282,43285,145709,54,1.09,1125086,334335146,0.0434,23,118256323,51118266,46557413,339286,46.76,0,3,1,2,2,3
2021-12-06,10534714,51432,145751,42,1.07,1093086,335428232,0.0441,22.7,118630479,51138245,46582425,374156,46.76,0,3,1,2,2,3
2021-12-07,10580047,45333,145931,180,1.08,1041908,336470140,0.0445,22.5,119073416,51161757,46610800,442937,46.76,0,3,1,2,2,3
2021-12-08,10630858,50811,146094,163,1.08,1259248,337729388,0.0445,22.5,119539198,51183457,46640237,465782,46.76,0,3,1,2,2,3
2021-12-09,10681140,50282,146242,148,1.1,1330121,339059509,0.0431,23.2,120066540,51207496,46674061,527342,46.76,0,3,1,2,2,3
2021-12-10,10739492,58352,146362,120,1.14,1180963,340240472,0.0433,23.1,120549526,51229559,46706023,482986,46.76,0,3,1,2,2,3
2021-12-11,10791771,52279,146494,132,1.18,997593,341238065,0.0438,22.8,121165054,51255850,46745007,615528,46.76,0,3,1,2,2,3
2021-12-12,10839842,48071,146546,52,1.19,1242507,342480572,0.0438,22.8,121616098,51279167,46775202,451044,46.76,0,3,1,2,2,3
2021-12-13,10893795,53953,146584,38,1.19,1292961,343773533,0.043,23.2,122178898,51298838,46804609,562800,46.76,0,3,1,2,2,3
2021-12-14,10953541,59746,146734,150,1.26,1306277,345079810,0.0434,23.1,122907579,51332920,46842497,728681,46.76,0,3,1,2,2,3
2021-12-15,11031507,77966,146898,164,1.31,1629971,346709781,0.0446,22.4,123719623,51360987,46881291,812044,48.61,0,3,1,2,2,3
2021-12-16,11119308,87801,147045,147,1.36,1607951,348317732,0.0473,21.1,124656103,51393664,46923788,936480,48.61,0,3,1,2,2,3
2021-12-17,11212021,92713,147158,113,1.39,1565426,349883158,0.049,20.4,125583800,51426554,46966074,927697,48.61,0,3,1,2,2,3
2021-12-18,11301095,89074,147283,125,1.4,1397672,351280830,0.0507,19.7,126608633,51464883,47011972,1024833,48.61,0,3,1,2,2,3
2021-12-19,11383054,81959,147328,45,1.37,1491284,352772114,0.0528,18.9,127528154,51498034,47051876,919521,48.61,0,3,1,2,2,3
2021-12-20,11475425,92371,147371,43,1.3,1471414,354243528,0.0556,18,128516864,51537827,47102814,988710,48.61,0,3,1,2,2,3
2021-12-21,11564723,89298,147544,173,1.31,1479757,355723285,0.0574,17.4,129579569,51577782,47156899,1062705,48.61,0,3,1,2,2,3
2021-12-22,11670349,105626,147685,141,1.31,1645627,357368912,0.0599,16.7,130512070,51617091,47210053,932501,48.61,0,3,1,2,2,3
2021-12-23,11793109,122760,147832,147,1.32,1650324,359019236,0.063,15.9,131194282,51649696,47254099,682212,48.61,0,3,1,2,2,3
2021-12-24,11914919,121810,147969,137,1.31,1604506,360623742,0.0654,15.3,131388389,51660466,47268067,194107,48.61,0,3,1,2,2,3
2021-12-25,12036780,121861,147979,10,1.3,1179849,361803591,0.0699,14.3,131400741,51661421,47268984,12352,48.61,0,3,1,2,2,3
2021-12-26,12155725,118945,147982,3,1.45,1270225,363073816,0.075,13.3,131427743,51663356,47271068,27002,48.61,0,3,1,2,2,3
2021-12-27,12263424,107699,148125,143,1.73,1278749,364352565,0.0779,12.8,131743125,51681547,47294774,315382,,0,3,1,2,2,3
2021-12-28,12401449,138025,148144,19,1.67,1471906,365824471,0.0828,12.1,132121605,51705406,47324308,378480,,0,3,1,2,2,3
2021-12-29,12585924,184475,148202,58,1.62,1496888,367321359,0.092,10.9,132633271,51738013,47368074,511666,,0,3,1,2,2,3
2021-12-30,12774849,188925,148534,332,1.53,1534344,368855703,0.0998,10,133108303,51771384,47412181,475032,,0,3,1,2,2,3
2021-12-31,12965393,190544,148737,203,1.45,,,,,133312817,51786768,47434251,204514,,0,3,1,2,2,3
2022-01-01,13127965,162572,148891,154,1.39,,,,,133336724,51789045,47437009,23907,,0,3,1,2,2,3
2022-01-02,13262908,134943,148964,73,1.31,,,,,133477149,51801494,47453494,140425,,0,3,1,2,2,3
2022-01-03,13450322,187414,149006,42,1.2,,,,,133667427,51820652,47482789,190278,,0,3,1,2,2,3
2022-01-04,13671544,221222,149055,49,,,,,,133956004,51845518,47523676,288577,,,,,,,
2022-01-05,13866159,194615,149399,344,,,,,,134274176,51874548,47565340,318172,,,,,,,
2022-01-06,14046769,180610,149630,231,,,,,,134563461,51897289,47600028,289285,,,,,,,
2022-01-07,14225637,178868,149860,230,,,,,,,,,,,,,,,,
